Team,Opponent,Map,Result
Vancouver Titans,Shanghai Dragons,Oasis,Won
Vancouver Titans,Shanghai Dragons,Hollywood,Won
Vancouver Titans,Shanghai Dragons,Esperanca,Lost
Vancouver Titans,Shanghai Dragons,Watchpoint Gibraltar,Lost
Vancouver Titans,Shanghai Dragons,Antarctic Peninsula,Won
Vancouver Titans,Hangzhou Spark,Lijian Tower,Lost
Vancouver Titans,Hangzhou Spark,Paraiso,Lost
Vancouver Titans,Hangzhou Spark,Esperanca,Won
Vancouver Titans,Hangzhou Spark,Circuit Royale,Lost
Vancouver Titans,Dreamers,Nepal,Lost
Vancouver Titans,Dreamers,Paraiso,Lost
Vancouver Titans,Dreamers,Colosseo,Won
Vancouver Titans,Dreamers,Route 66,Won
Vancouver Titans,Dreamers,Oasis,Lost
Vancouver Titans,Los Angeles Valiant,Lijian Tower,Won
Vancouver Titans,Los Angeles Valiant,Numbani,Lost
Vancouver Titans,Los Angeles Valiant,New Queen Street,Lost
Vancouver Titans,Los Angeles Valiant,Dorado,Lost
Vancouver Titans,Saints,Antarctic Peninsula,Won
Vancouver Titans,Saints,Eichenwalde,Won
Vancouver Titans,Saints,Colosseo,Lost
Vancouver Titans,Saints,JunkerTown,Won
Vancouver Titans,Seoul Dynasty,Busan,Won
Vancouver Titans,Seoul Dynasty,Kings Row,Won
Vancouver Titans,Seoul Dynasty,New Queen Street,Won
Vancouver Titans,Washington Justice,Busan,Lost
Vancouver Titans,Washington Justice,Paraiso,Lost
Vancouver Titans,Washington Justice,New Queen Street,Won
Vancouver Titans,Washington Justice,Dorado,Lost
Vancouver Titans,Trick Room,Oasis,Lost
Vancouver Titans,Trick Room,Blizzard World,Won
Vancouver Titans,Trick Room,New Queen Street,Won
Vancouver Titans,Trick Room,JunkerTown,Won
Vancouver Titans,Atlanta Reign,Lijian Tower,Won
Vancouver Titans,Atlanta Reign,Eichenwalde,Won
Vancouver Titans,Atlanta Reign,New Queen Street,Won
Vancouver Titans,Vegas Eternal,Oasis,Won
Vancouver Titans,Vegas Eternal,Numbani,Won
Vancouver Titans,Vegas Eternal,New Queen Street,Won
Vancouver Titans,Florida Mayhem,Nepal,Won
Vancouver Titans,Florida Mayhem,Blizzard World,Won
Vancouver Titans,Florida Mayhem,New Queen Street,Lost
Vancouver Titans,Florida Mayhem,Havana,Won
Vancouver Titans,Timeless,Nepal,Lost
Vancouver Titans,Timeless,Hollywood,Lost
Vancouver Titans,Timeless,Esperanca,Lost
Vancouver Titans,O2 Blast,Busan,Lost
Vancouver Titans,O2 Blast,Eichenwalde,Lost
Vancouver Titans,O2 Blast,Colosseo,Won
Vancouver Titans,O2 Blast,Havana,Won
Vancouver Titans,O2 Blast,Ilios,Lost
Vancouver Titans,Los Angeles Gladiators,Busan,Won
Vancouver Titans,Los Angeles Gladiators,Numbani,Won
Vancouver Titans,Los Angeles Gladiators,Esperanca,Lost
Vancouver Titans,Los Angeles Gladiators,Rialto,Lost
Vancouver Titans,Los Angeles Gladiators,Lijian Tower,Lost
Vancouver Titans,Boston Uprising,Nepal,Lost
Vancouver Titans,Boston Uprising,Eichenwalde,Won
Vancouver Titans,Boston Uprising,Colosseo,Lost
Vancouver Titans,Boston Uprising,Watchpoint Gibraltar,Lost
Vancouver Titans,WISP,Ilios,Won
Vancouver Titans,WISP,Midtown,Won
Vancouver Titans,WISP,New Queen Street,Won
Vancouver Titans,Houston Outlaws,Oasis,Won
Vancouver Titans,Houston Outlaws,Paraiso,Lost
Vancouver Titans,Houston Outlaws,Colosseo,Lost
Vancouver Titans,Houston Outlaws,Shambali Monastery,Lost
Vancouver Titans,San Francisco Shock,Oasis,Lost
Vancouver Titans,San Francisco Shock,Midtown,Won
Vancouver Titans,San Francisco Shock,Colosseo,Lost
Vancouver Titans,San Francisco Shock,Dorado,Won
Vancouver Titans,San Francisco Shock,Ilios,Lost
Vancouver Titans,London Spitfire,Nepal,Lost
Vancouver Titans,London Spitfire,Blizzard World,Won
Vancouver Titans,London Spitfire,Esperanca,Won
Vancouver Titans,London Spitfire,JunkerTown,Won
Vancouver Titans,Twisted Minds,Lijian Tower,Lost
Vancouver Titans,Twisted Minds,Kings Row,Lost
Vancouver Titans,Twisted Minds,Esperanca,Won
Vancouver Titans,Twisted Minds,Watchpoint Gibraltar,Lost
Vancouver Titans,Sin Prisa Gaming,Lijian Tower,Lost
Vancouver Titans,Sin Prisa Gaming,Hollywood,Won
Vancouver Titans,Sin Prisa Gaming,Colosseo,Lost
Vancouver Titans,Sin Prisa Gaming,JunkerTown,Lost
Vancouver Titans,Guangzhou Charge,Ilios,Won
Vancouver Titans,Guangzhou Charge,Midtown,Lost
Vancouver Titans,Guangzhou Charge,Colosseo,Won
Vancouver Titans,Guangzhou Charge,Havana,Lost
Vancouver Titans,Guangzhou Charge,Antarctic Peninsula,Lost
Vancouver Titans,Redbird Esports,Nepal,Won
Vancouver Titans,Redbird Esports,Blizzard World,Won
Vancouver Titans,Redbird Esports,Esperanca,Won
Vancouver Titans,PANTHERA,Busan,Lost
Vancouver Titans,PANTHERA,Hollywood,Won
Vancouver Titans,PANTHERA,Colosseo,Won
Vancouver Titans,PANTHERA,Havana,Won
Vancouver Titans,Team Peps,Busan,Won
Vancouver Titans,Team Peps,Numbani,Won
Vancouver Titans,Team Peps,New Queen Street,Lost
Vancouver Titans,Team Peps,Watchpoint Gibraltar,Won
Vancouver Titans,Poker Face,Lijian Tower,Lost
Vancouver Titans,Poker Face,Eichenwalde,Won
Vancouver Titans,Poker Face,New Queen Street,Lost
Vancouver Titans,Poker Face,Dorado,Lost
Vancouver Titans,New York Excelsior,Oasis,Won
Vancouver Titans,New York Excelsior,Blizzard World,Lost
Vancouver Titans,New York Excelsior,New Queen Street,Won
Vancouver Titans,New York Excelsior,JunkerTown,Lost
Vancouver Titans,New York Excelsior,Busan,Won
Vancouver Titans,Toronto Defiant,Ilios,Lost
Vancouver Titans,Toronto Defiant,Hollywood,Won
Vancouver Titans,Toronto Defiant,Esperanca,Won
Vancouver Titans,Toronto Defiant,Rialto,Lost
Vancouver Titans,Toronto Defiant,Oasis,Won
Vancouver Titans,Rhodes,Ilios,Won
Vancouver Titans,Rhodes,Midtown,Won
Vancouver Titans,Rhodes,New Queen Street,Lost
Vancouver Titans,Rhodes,Dorado,Won
Vancouver Titans,Dallas Fuel,Busan,Lost
Vancouver Titans,Dallas Fuel,Hollywood,Lost
Vancouver Titans,Dallas Fuel,Esperanca,Lost
Vancouver Titans,Seoul Infernal,Nepal,Won
Vancouver Titans,Seoul Infernal,Blizzard World,Lost
Vancouver Titans,Seoul Infernal,Esperanca,Lost
Vancouver Titans,Seoul Infernal,Route 66,Won
Vancouver Titans,Seoul Infernal,Busan,Lost
Team,Opponent,Map,Result
Vancouver Titans,Shanghai Dragons,Busan,Lost
Vancouver Titans,Shanghai Dragons,Numbani,Lost
Vancouver Titans,Shanghai Dragons,New Queen Street,Won
Vancouver Titans,Shanghai Dragons,JunkerTown,Won
Vancouver Titans,Shanghai Dragons,Oasis,Won
Vancouver Titans,Hangzhou Spark,Antarctic Peninsula,Lost
Vancouver Titans,Hangzhou Spark,Blizzard World,Lost
Vancouver Titans,Hangzhou Spark,Esperanca,Lost
Vancouver Titans,Dreamers,Antarctic Peninsula,Lost
Vancouver Titans,Dreamers,Paraiso,Won
Vancouver Titans,Dreamers,Esperanca,Lost
Vancouver Titans,Dreamers,Dorado,Lost
Vancouver Titans,Los Angeles Valiant,Busan,Lost
Vancouver Titans,Los Angeles Valiant,Hollywood,Won
Vancouver Titans,Los Angeles Valiant,New Queen Street,Won
Vancouver Titans,Los Angeles Valiant,Route 66,Lost
Vancouver Titans,Los Angeles Valiant,Nepal,Won
Vancouver Titans,Saints,Lijian Tower,Won
Vancouver Titans,Saints,Midtown,Lost
Vancouver Titans,Saints,New Queen Street,Won
Vancouver Titans,Saints,Dorado,Lost
Vancouver Titans,Saints,Ilios,Lost
Vancouver Titans,Seoul Dynasty,Lijian Tower,Lost
Vancouver Titans,Seoul Dynasty,Blizzard World,Won
Vancouver Titans,Seoul Dynasty,Colosseo,Lost
Vancouver Titans,Seoul Dynasty,Circuit Royale,Lost
Vancouver Titans,Washington Justice,Ilios,Lost
Vancouver Titans,Washington Justice,Hollywood,Lost
Vancouver Titans,Washington Justice,Esperanca,Lost
Vancouver Titans,Trick Room,Nepal,Won
Vancouver Titans,Trick Room,Numbani,Lost
Vancouver Titans,Trick Room,Esperanca,Won
Vancouver Titans,Trick Room,Rialto,Won
Vancouver Titans,Atlanta Reign,Antarctic Peninsula,Won
Vancouver Titans,Atlanta Reign,Hollywood,Won
Vancouver Titans,Atlanta Reign,New Queen Street,Won
Vancouver Titans,Vegas Eternal,Busan,Won
Vancouver Titans,Vegas Eternal,Numbani,Won
Vancouver Titans,Vegas Eternal,New Queen Street,Won
Vancouver Titans,Florida Mayhem,Busan,Won
Vancouver Titans,Florida Mayhem,Blizzard World,Won
Vancouver Titans,Florida Mayhem,New Queen Street,Lost
Vancouver Titans,Florida Mayhem,Havana,Won
Vancouver Titans,Timeless,Ilios,Won
Vancouver Titans,Timeless,Numbani,Lost
Vancouver Titans,Timeless,Esperanca,Lost
Vancouver Titans,Timeless,Watchpoint Gibraltar,Won
Vancouver Titans,Timeless,Oasis,Won
Vancouver Titans,O2 Blast,Nepal,Lost
Vancouver Titans,O2 Blast,Midtown,Won
Vancouver Titans,O2 Blast,New Queen Street,Won
Vancouver Titans,O2 Blast,Rialto,Won
Vancouver Titans,Los Angeles Gladiators,Oasis,Won
Vancouver Titans,Los Angeles Gladiators,Paraiso,Lost
Vancouver Titans,Los Angeles Gladiators,New Queen Street,Lost
Vancouver Titans,Los Angeles Gladiators,Shambali Monastery,Lost
Vancouver Titans,Boston Uprising,Lijian Tower,Lost
Vancouver Titans,Boston Uprising,Numbani,Lost
Vancouver Titans,Boston Uprising,New Queen Street,Lost
Vancouver Titans,WISP,Ilios,Lost
Vancouver Titans,WISP,Hollywood,Won
Vancouver Titans,WISP,Esperanca,Won
Vancouver Titans,WISP,Dorado,Lost
Vancouver Titans,WISP,Busan,Won
Vancouver Titans,Houston Outlaws,Antarctic Peninsula,Won
Vancouver Titans,Houston Outlaws,Eichenwalde,Won
Vancouver Titans,Houston Outlaws,Colosseo,Lost
Vancouver Titans,Houston Outlaws,JunkerTown,Lost
Vancouver Titans,Houston Outlaws,Ilios,Lost
Vancouver Titans,San Francisco Shock,Ilios,Lost
Vancouver Titans,San Francisco Shock,Midtown,Won
Vancouver Titans,San Francisco Shock,Esperanca,Won
Vancouver Titans,San Francisco Shock,Dorado,Won
Vancouver Titans,London Spitfire,Ilios,Won
Vancouver Titans,London Spitfire,Kings Row,Won
Vancouver Titans,London Spitfire,Colosseo,Lost
Vancouver Titans,London Spitfire,Shambali Monastery,Lost
Vancouver Titans,London Spitfire,Lijian Tower,Lost
Vancouver Titans,Twisted Minds,Lijian Tower,Won
Vancouver Titans,Twisted Minds,Blizzard World,Lost
Vancouver Titans,Twisted Minds,New Queen Street,Won
Vancouver Titans,Twisted Minds,Route 66,Lost
Vancouver Titans,Twisted Minds,Antarctic Peninsula,Lost
Vancouver Titans,Sin Prisa Gaming,Lijian Tower,Won
Vancouver Titans,Sin Prisa Gaming,Midtown,Won
Vancouver Titans,Sin Prisa Gaming,New Queen Street,Lost
Vancouver Titans,Sin Prisa Gaming,Route 66,Won
Vancouver Titans,Guangzhou Charge,Ilios,Won
Vancouver Titans,Guangzhou Charge,Blizzard World,Won
Vancouver Titans,Guangzhou Charge,New Queen Street,Lost
Vancouver Titans,Guangzhou Charge,Rialto,Won
Vancouver Titans,Redbird Esports,Lijian Tower,Lost
Vancouver Titans,Redbird Esports,Eichenwalde,Won
Vancouver Titans,Redbird Esports,Esperanca,Lost
Vancouver Titans,Redbird Esports,Rialto,Won
Vancouver Titans,Redbird Esports,Ilios,Won
Vancouver Titans,PANTHERA,Nepal,Won
Vancouver Titans,PANTHERA,Hollywood,Lost
Vancouver Titans,PANTHERA,New Queen Street,Lost
Vancouver Titans,PANTHERA,Route 66,Lost
Vancouver Titans,Team Peps,Oasis,Lost
Vancouver Titans,Team Peps,Kings Row,Lost
Vancouver Titans,Team Peps,Esperanca,Won
Vancouver Titans,Team Peps,Route 66,Lost
Vancouver Titans,Poker Face,Nepal,Won
Vancouver Titans,Poker Face,Blizzard World,Won
Vancouver Titans,Poker Face,New Queen Street,Won
Vancouver Titans,New York Excelsior,Busan,Won
Vancouver Titans,New York Excelsior,Eichenwalde,Lost
Vancouver Titans,New York Excelsior,Colosseo,Won
Vancouver Titans,New York Excelsior,Circuit Royale,Lost
Vancouver Titans,New York Excelsior,Ilios,Won
Vancouver Titans,Toronto Defiant,Nepal,Lost
Vancouver Titans,Toronto Defiant,Paraiso,Won
Vancouver Titans,Toronto Defiant,New Queen Street,Won
Vancouver Titans,Toronto Defiant,Rialto,Lost
Vancouver Titans,Toronto Defiant,Ilios,Won
Vancouver Titans,Rhodes,Oasis,Lost
Vancouver Titans,Rhodes,Eichenwalde,Lost
Vancouver Titans,Rhodes,New Queen Street,Won
Vancouver Titans,Rhodes,JunkerTown,Lost
Vancouver Titans,Dallas Fuel,Lijian Tower,Won
Vancouver Titans,Dallas Fuel,Kings Row,Won
Vancouver Titans,Dallas Fuel,Colosseo,Won
Vancouver Titans,Seoul Infernal,Busan,Lost
Vancouver Titans,Seoul Infernal,Midtown,Lost
Vancouver Titans,Seoul Infernal,Colosseo,Won
Vancouver Titans,Seoul Infernal,Route 66,Won
Vancouver Titans,Seoul Infernal,Antarctic Peninsula,Won
Team,Opponent,Map,Result
Vancouver Titans,Shanghai Dragons,Nepal,Lost
Vancouver Titans,Shanghai Dragons,Eichenwalde,Won
Vancouver Titans,Shanghai Dragons,Colosseo,Lost
Vancouver Titans,Shanghai Dragons,Watchpoint Gibraltar,Won
Vancouver Titans,Shanghai Dragons,Antarctic Peninsula,Lost
Vancouver Titans,Hangzhou Spark,Oasis,Won
Vancouver Titans,Hangzhou Spark,Hollywood,Won
Vancouver Titans,Hangzhou Spark,Colosseo,Lost
Vancouver Titans,Hangzhou Spark,Route 66,Lost
Vancouver Titans,Hangzhou Spark,Nepal,Won
Vancouver Titans,Dreamers,Ilios,Lost
Vancouver Titans,Dreamers,Paraiso,Won
Vancouver Titans,Dreamers,Esperanca,Won
Vancouver Titans,Dreamers,Route 66,Won
Vancouver Titans,Los Angeles Valiant,Ilios,Lost
Vancouver Titans,Los Angeles Valiant,Numbani,Lost
Vancouver Titans,Los Angeles Valiant,New Queen Street,Won
Vancouver Titans,Los Angeles Valiant,Watchpoint Gibraltar,Won
Vancouver Titans,Los Angeles Valiant,Oasis,Won
Vancouver Titans,Saints,Nepal,Lost
Vancouver Titans,Saints,Hollywood,Won
Vancouver Titans,Saints,Colosseo,Won
Vancouver Titans,Saints,Shambali Monastery,Lost
Vancouver Titans,Saints,Ilios,Won
Vancouver Titans,Seoul Dynasty,Oasis,Lost
Vancouver Titans,Seoul Dynasty,Eichenwalde,Won
Vancouver Titans,Seoul Dynasty,Colosseo,Lost
Vancouver Titans,Seoul Dynasty,Circuit Royale,Won
Vancouver Titans,Seoul Dynasty,Busan,Won
Vancouver Titans,Washington Justice,Ilios,Lost
Vancouver Titans,Washington Justice,Numbani,Lost
Vancouver Titans,Washington Justice,New Queen Street,Won
Vancouver Titans,Washington Justice,Shambali Monastery,Lost
Vancouver Titans,Trick Room,Nepal,Won
Vancouver Titans,Trick Room,Paraiso,Lost
Vancouver Titans,Trick Room,Colosseo,Won
Vancouver Titans,Trick Room,Watchpoint Gibraltar,Lost
Vancouver Titans,Trick Room,Antarctic Peninsula,Won
Vancouver Titans,Atlanta Reign,Oasis,Lost
Vancouver Titans,Atlanta Reign,Eichenwalde,Won
Vancouver Titans,Atlanta Reign,Colosseo,Lost
Vancouver Titans,Atlanta Reign,Route 66,Won
Vancouver Titans,Atlanta Reign,Lijian Tower,Won
Vancouver Titans,Vegas Eternal,Nepal,Won
Vancouver Titans,Vegas Eternal,Kings Row,Won
Vancouver Titans,Vegas Eternal,Esperanca,Lost
Vancouver Titans,Vegas Eternal,Rialto,Won
Vancouver Titans,Florida Mayhem,Busan,Won
Vancouver Titans,Florida Mayhem,Blizzard World,Won
Vancouver Titans,Florida Mayhem,Esperanca,Lost
Vancouver Titans,Florida Mayhem,Havana,Won
Vancouver Titans,Timeless,Lijian Tower,Won
Vancouver Titans,Timeless,Hollywood,Lost
Vancouver Titans,Timeless,New Queen Street,Won
Vancouver Titans,Timeless,Circuit Royale,Lost
Vancouver Titans,Timeless,Antarctic Peninsula,Lost
Vancouver Titans,O2 Blast,Antarctic Peninsula,Won
Vancouver Titans,O2 Blast,Blizzard World,Won
Vancouver Titans,O2 Blast,Esperanca,Won
Vancouver Titans,Los Angeles Gladiators,Nepal,Lost
Vancouver Titans,Los Angeles Gladiators,Numbani,Won
Vancouver Titans,Los Angeles Gladiators,New Queen Street,Lost
Vancouver Titans,Los Angeles Gladiators,Watchpoint Gibraltar,Lost
Vancouver Titans,Boston Uprising,Nepal,Won
Vancouver Titans,Boston Uprising,Hollywood,Lost
Vancouver Titans,Boston Uprising,Colosseo,Lost
Vancouver Titans,Boston Uprising,Route 66,Lost
Vancouver Titans,WISP,Lijian Tower,Won
Vancouver Titans,WISP,Paraiso,Lost
Vancouver Titans,WISP,New Queen Street,Lost
Vancouver Titans,WISP,Watchpoint Gibraltar,Won
Vancouver Titans,WISP,Nepal,Lost
Vancouver Titans,Houston Outlaws,Ilios,Lost
Vancouver Titans,Houston Outlaws,Kings Row,Lost
Vancouver Titans,Houston Outlaws,Colosseo,Lost
Vancouver Titans,San Francisco Shock,Lijian Tower,Lost
Vancouver Titans,San Francisco Shock,Numbani,Won
Vancouver Titans,San Francisco Shock,New Queen Street,Lost
Vancouver Titans,San Francisco Shock,JunkerTown,Won
Vancouver Titans,San Francisco Shock,Ilios,Lost
Vancouver Titans,London Spitfire,Ilios,Won
Vancouver Titans,London Spitfire,Eichenwalde,Won
Vancouver Titans,London Spitfire,Esperanca,Lost
Vancouver Titans,London Spitfire,Route 66,Lost
Vancouver Titans,London Spitfire,Nepal,Lost
Vancouver Titans,Twisted Minds,Ilios,Lost
Vancouver Titans,Twisted Minds,Eichenwalde,Lost
Vancouver Titans,Twisted Minds,Colosseo,Lost
Vancouver Titans,Sin Prisa Gaming,Busan,Lost
Vancouver Titans,Sin Prisa Gaming,Paraiso,Lost
Vancouver Titans,Sin Prisa Gaming,Colosseo,Won
Vancouver Titans,Sin Prisa Gaming,Havana,Lost
Vancouver Titans,Guangzhou Charge,Busan,Lost
Vancouver Titans,Guangzhou Charge,Numbani,Won
Vancouver Titans,Guangzhou Charge,Esperanca,Lost
Vancouver Titans,Guangzhou Charge,JunkerTown,Won
Vancouver Titans,Guangzhou Charge,Ilios,Won
Vancouver Titans,Redbird Esports,Nepal,Lost
Vancouver Titans,Redbird Esports,Midtown,Lost
Vancouver Titans,Redbird Esports,Esperanca,Won
Vancouver Titans,Redbird Esports,Watchpoint Gibraltar,Lost
Vancouver Titans,PANTHERA,Busan,Lost
Vancouver Titans,PANTHERA,Kings Row,Lost
Vancouver Titans,PANTHERA,New Queen Street,Won
Vancouver Titans,PANTHERA,Havana,Lost
Vancouver Titans,Team Peps,Lijian Tower,Won
Vancouver Titans,Team Peps,Blizzard World,Lost
Vancouver Titans,Team Peps,New Queen Street,Lost
Vancouver Titans,Team Peps,JunkerTown,Lost
Vancouver Titans,Poker Face,Antarctic Peninsula,Lost
Vancouver Titans,Poker Face,Kings Row,Won
Vancouver Titans,Poker Face,New Queen Street,Lost
Vancouver Titans,Poker Face,JunkerTown,Lost
Vancouver Titans,New York Excelsior,Ilios,Won
Vancouver Titans,New York Excelsior,Hollywood,Won
Vancouver Titans,New York Excelsior,Esperanca,Lost
Vancouver Titans,New York Excelsior,Shambali Monastery,Won
Vancouver Titans,Toronto Defiant,Ilios,Lost
Vancouver Titans,Toronto Defiant,Numbani,Won
Vancouver Titans,Toronto Defiant,New Queen Street,Won
Vancouver Titans,Toronto Defiant,Route 66,Lost
Vancouver Titans,Toronto Defiant,Lijian Tower,Won
Vancouver Titans,Rhodes,Busan,Lost
Vancouver Titans,Rhodes,Hollywood,Lost
Vancouver Titans,Rhodes,New Queen Street,Lost
Vancouver Titans,Dallas Fuel,Nepal,Won
Vancouver Titans,Dallas Fuel,Eichenwalde,Lost
Vancouver Titans,Dallas Fuel,New Queen Street,Lost
Vancouver Titans,Dallas Fuel,Havana,Lost
Vancouver Titans,Seoul Infernal,Busan,Lost
Vancouver Titans,Seoul Infernal,Kings Row,Lost
Vancouver Titans,Seoul Infernal,Esperanca,Won
Vancouver Titans,Seoul Infernal,Route 66,Won
Vancouver Titans,Seoul Infernal,Antarctic Peninsula,Won
Team,Opponent,Map,Result
Vancouver Titans,Shanghai Dragons,Lijian Tower,Lost
Vancouver Titans,Shanghai Dragons,Hollywood,Won
Vancouver Titans,Shanghai Dragons,Esperanca,Won
Vancouver Titans,Shanghai Dragons,Circuit Royale,Won
Vancouver Titans,Hangzhou Spark,Ilios,Won
Vancouver Titans,Hangzhou Spark,Numbani,Won
Vancouver Titans,Hangzhou Spark,Colosseo,Won
Vancouver Titans,Dreamers,Lijian Tower,Lost
Vancouver Titans,Dreamers,Hollywood,Lost
Vancouver Titans,Dreamers,Colosseo,Won
Vancouver Titans,Dreamers,Shambali Monastery,Won
Vancouver Titans,Dreamers,Busan,Won
Vancouver Titans,Los Angeles Valiant,Oasis,Won
Vancouver Titans,Los Angeles Valiant,Hollywood,Won
Vancouver Titans,Los Angeles Valiant,Esperanca,Lost
Vancouver Titans,Los Angeles Valiant,Shambali Monastery,Won
Vancouver Titans,Saints,Antarctic Peninsula,Lost
Vancouver Titans,Saints,Hollywood,Lost
Vancouver Titans,Saints,Colosseo,Won
Vancouver Titans,Saints,JunkerTown,Lost
Vancouver Titans,Seoul Dynasty,Ilios,Won
Vancouver Titans,Seoul Dynasty,Midtown,Lost
Vancouver Titans,Seoul Dynasty,New Queen Street,Lost
Vancouver Titans,Seoul Dynasty,Dorado,Lost
Vancouver Titans,Washington Justice,Ilios,Lost
Vancouver Titans,Washington Justice,Numbani,Lost
Vancouver Titans,Washington Justice,New Queen Street,Won
Vancouver Titans,Washington Justice,Dorado,Lost
Vancouver Titans,Trick Room,Busan,Lost
Vancouver Titans,Trick Room,Eichenwalde,Lost
Vancouver Titans,Trick Room,Esperanca,Won
Vancouver Titans,Trick Room,JunkerTown,Won
Vancouver Titans,Trick Room,Ilios,Lost
Vancouver Titans,Atlanta Reign,Lijian Tower,Lost
Vancouver Titans,Atlanta Reign,Hollywood,Won
Vancouver Titans,Atlanta Reign,New Queen Street,Won
Vancouver Titans,Atlanta Reign,Watchpoint Gibraltar,Lost
Vancouver Titans,Atlanta Reign,Nepal,Lost
Vancouver Titans,Vegas Eternal,Antarctic Peninsula,Won
Vancouver Titans,Vegas Eternal,Midtown,Lost
Vancouver Titans,Vegas Eternal,Colosseo,Lost
Vancouver Titans,Vegas Eternal,Watchpoint Gibraltar,Won
Vancouver Titans,Vegas Eternal,Lijian Tower,Lost
Vancouver Titans,Florida Mayhem,Lijian Tower,Lost
Vancouver Titans,Florida Mayhem,Midtown,Lost
Vancouver Titans,Florida Mayhem,Colosseo,Lost
Vancouver Titans,Timeless,Nepal,Lost
Vancouver Titans,Timeless,Paraiso,Lost
Vancouver Titans,Timeless,New Queen Street,Lost
Vancouver Titans,O2 Blast,Nepal,Lost
Vancouver Titans,O2 Blast,Numbani,Won
Vancouver Titans,O2 Blast,New Queen Street,Lost
Vancouver Titans,O2 Blast,Route 66,Lost
Vancouver Titans,Los Angeles Gladiators,Oasis,Won
Vancouver Titans,Los Angeles Gladiators,Numbani,Won
Vancouver Titans,Los Angeles Gladiators,Colosseo,Lost
Vancouver Titans,Los Angeles Gladiators,Havana,Lost
Vancouver Titans,Los Angeles Gladiators,Busan,Won
Vancouver Titans,Boston Uprising,Antarctic Peninsula,Lost
Vancouver Titans,Boston Uprising,Blizzard World,Won
Vancouver Titans,Boston Uprising,Esperanca,Won
Vancouver Titans,Boston Uprising,Route 66,Lost
Vancouver Titans,Boston Uprising,Ilios,Lost
Vancouver Titans,WISP,Ilios,Won
Vancouver Titans,WISP,Blizzard World,Won
Vancouver Titans,WISP,Colosseo,Won
Vancouver Titans,Houston Outlaws,Ilios,Lost
Vancouver Titans,Houston Outlaws,Hollywood,Lost
Vancouver Titans,Houston Outlaws,Esperanca,Won
Vancouver Titans,Houston Outlaws,Havana,Lost
Vancouver Titans,San Francisco Shock,Busan,Lost
Vancouver Titans,San Francisco Shock,Paraiso,Won
Vancouver Titans,San Francisco Shock,New Queen Street,Lost
Vancouver Titans,San Francisco Shock,Havana,Lost
Vancouver Titans,London Spitfire,Lijian Tower,Lost
Vancouver Titans,London Spitfire,Blizzard World,Won
Vancouver Titans,London Spitfire,Esperanca,Won
Vancouver Titans,London Spitfire,Watchpoint Gibraltar,Lost
Vancouver Titans,London Spitfire,Antarctic Peninsula,Lost
Vancouver Titans,Twisted Minds,Oasis,Lost
Vancouver Titans,Twisted Minds,Midtown,Won
Vancouver Titans,Twisted Minds,Colosseo,Won
Vancouver Titans,Twisted Minds,Dorado,Lost
Vancouver Titans,Twisted Minds,Busan,Lost
Vancouver Titans,Sin Prisa Gaming,Busan,Lost
Vancouver Titans,Sin Prisa Gaming,Numbani,Won
Vancouver Titans,Sin Prisa Gaming,Esperanca,Won
Vancouver Titans,Sin Prisa Gaming,Havana,Lost
Vancouver Titans,Sin Prisa Gaming,Ilios,Lost
Vancouver Titans,Guangzhou Charge,Antarctic Peninsula,Lost
Vancouver Titans,Guangzhou Charge,Hollywood,Won
Vancouver Titans,Guangzhou Charge,Colosseo,Won
Vancouver Titans,Guangzhou Charge,Circuit Royale,Lost
Vancouver Titans,Guangzhou Charge,Ilios,Won
Vancouver Titans,Redbird Esports,Oasis,Won
Vancouver Titans,Redbird Esports,Paraiso,Won
Vancouver Titans,Redbird Esports,Esperanca,Won
Vancouver Titans,PANTHERA,Ilios,Lost
Vancouver Titans,PANTHERA,Kings Row,Lost
Vancouver Titans,PANTHERA,Colosseo,Lost
Vancouver Titans,Team Peps,Lijian Tower,Won
Vancouver Titans,Team Peps,Kings Row,Lost
Vancouver Titans,Team Peps,Colosseo,Won
Vancouver Titans,Team Peps,Watchpoint Gibraltar,Lost
Vancouver Titans,Team Peps,Oasis,Won
Vancouver Titans,Poker Face,Lijian Tower,Lost
Vancouver Titans,Poker Face,Hollywood,Won
Vancouver Titans,Poker Face,New Queen Street,Won
Vancouver Titans,Poker Face,Rialto,Lost
Vancouver Titans,Poker Face,Nepal,Lost
Vancouver Titans,New York Excelsior,Busan,Won
Vancouver Titans,New York Excelsior,Kings Row,Lost
Vancouver Titans,New York Excelsior,New Queen Street,Won
Vancouver Titans,New York Excelsior,Shambali Monastery,Won
Vancouver Titans,Toronto Defiant,Nepal,Lost
Vancouver Titans,Toronto Defiant,Numbani,Won
Vancouver Titans,Toronto Defiant,Colosseo,Lost
Vancouver Titans,Toronto Defiant,Shambali Monastery,Won
Vancouver Titans,Toronto Defiant,Oasis,Won
Vancouver Titans,Rhodes,Nepal,Lost
Vancouver Titans,Rhodes,Hollywood,Lost
Vancouver Titans,Rhodes,Esperanca,Lost
Vancouver Titans,Dallas Fuel,Ilios,Won
Vancouver Titans,Dallas Fuel,Eichenwalde,Won
Vancouver Titans,Dallas Fuel,Esperanca,Lost
Vancouver Titans,Dallas Fuel,Havana,Lost
Vancouver Titans,Dallas Fuel,Oasis,Won
Vancouver Titans,Seoul Infernal,Busan,Lost
Vancouver Titans,Seoul Infernal,Midtown,Lost
Vancouver Titans,Seoul Infernal,New Queen Street,Won
Vancouver Titans,Seoul Infernal,Havana,Lost
Team,Opponent,Map,Result
Vancouver Titans,Shanghai Dragons,Nepal,Lost
Vancouver Titans,Shanghai Dragons,Eichenwalde,Lost
Vancouver Titans,Shanghai Dragons,Esperanca,Won
Vancouver Titans,Shanghai Dragons,Watchpoint Gibraltar,Won
Vancouver Titans,Shanghai Dragons,Lijian Tower,Lost
Vancouver Titans,Hangzhou Spark,Busan,Lost
Vancouver Titans,Hangzhou Spark,Midtown,Lost
Vancouver Titans,Hangzhou Spark,Esperanca,Lost
Vancouver Titans,Dreamers,Nepal,Won
Vancouver Titans,Dreamers,Paraiso,Won
Vancouver Titans,Dreamers,Colosseo,Lost
Vancouver Titans,Dreamers,Havana,Lost
Vancouver Titans,Dreamers,Antarctic Peninsula,Lost
Vancouver Titans,Los Angeles Valiant,Oasis,Won
Vancouver Titans,Los Angeles Valiant,Blizzard World,Won
Vancouver Titans,Los Angeles Valiant,Esperanca,Won
Vancouver Titans,Saints,Lijian Tower,Won
Vancouver Titans,Saints,Blizzard World,Lost
Vancouver Titans,Saints,New Queen Street,Won
Vancouver Titans,Saints,Rialto,Lost
Vancouver Titans,Saints,Nepal,Lost
Vancouver Titans,Seoul Dynasty,Nepal,Lost
Vancouver Titans,Seoul Dynasty,Kings Row,Lost
Vancouver Titans,Seoul Dynasty,Colosseo,Lost
Vancouver Titans,Washington Justice,Ilios,Lost
Vancouver Titans,Washington Justice,Midtown,Lost
Vancouver Titans,Washington Justice,Esperanca,Won
Vancouver Titans,Washington Justice,Shambali Monastery,Lost
Vancouver Titans,Trick Room,Oasis,Won
Vancouver Titans,Trick Room,Hollywood,Won
Vancouver Titans,Trick Room,Esperanca,Won
Vancouver Titans,Atlanta Reign,Nepal,Lost
Vancouver Titans,Atlanta Reign,Hollywood,Won
Vancouver Titans,Atlanta Reign,Colosseo,Won
Vancouver Titans,Atlanta Reign,Route 66,Won
Vancouver Titans,Vegas Eternal,Busan,Won
Vancouver Titans,Vegas Eternal,Midtown,Won
Vancouver Titans,Vegas Eternal,New Queen Street,Won
Vancouver Titans,Florida Mayhem,Lijian Tower,Lost
Vancouver Titans,Florida Mayhem,Blizzard World,Won
Vancouver Titans,Florida Mayhem,Colosseo,Lost
Vancouver Titans,Florida Mayhem,Circuit Royale,Lost
Vancouver Titans,Timeless,Oasis,Lost
Vancouver Titans,Timeless,Midtown,Won
Vancouver Titans,Timeless,Colosseo,Lost
Vancouver Titans,Timeless,Watchpoint Gibraltar,Lost
Vancouver Titans,O2 Blast,Nepal,Won
Vancouver Titans,O2 Blast,Numbani,Won
Vancouver Titans,O2 Blast,Esperanca,Won
Vancouver Titans,Los Angeles Gladiators,Busan,Won
Vancouver Titans,Los Angeles Gladiators,Numbani,Won
Vancouver Titans,Los Angeles Gladiators,Colosseo,Won
Vancouver Titans,Boston Uprising,Ilios,Lost
Vancouver Titans,Boston Uprising,Blizzard World,Won
Vancouver Titans,Boston Uprising,Colosseo,Lost
Vancouver Titans,Boston Uprising,Rialto,Won
Vancouver Titans,Boston Uprising,Oasis,Won
Vancouver Titans,WISP,Oasis,Lost
Vancouver Titans,WISP,Eichenwalde,Won
Vancouver Titans,WISP,New Queen Street,Lost
Vancouver Titans,WISP,Shambali Monastery,Lost
Vancouver Titans,Houston Outlaws,Antarctic Peninsula,Won
Vancouver Titans,Houston Outlaws,Numbani,Lost
Vancouver Titans,Houston Outlaws,Esperanca,Lost
Vancouver Titans,Houston Outlaws,JunkerTown,Lost
Vancouver Titans,San Francisco Shock,Ilios,Lost
Vancouver Titans,San Francisco Shock,Numbani,Won
Vancouver Titans,San Francisco Shock,New Queen Street,Won
Vancouver Titans,San Francisco Shock,Circuit Royale,Won
Vancouver Titans,London Spitfire,Lijian Tower,Lost
Vancouver Titans,London Spitfire,Paraiso,Won
Vancouver Titans,London Spitfire,Esperanca,Won
Vancouver Titans,London Spitfire,Shambali Monastery,Won
Vancouver Titans,Twisted Minds,Antarctic Peninsula,Lost
Vancouver Titans,Twisted Minds,Midtown,Lost
Vancouver Titans,Twisted Minds,Colosseo,Won
Vancouver Titans,Twisted Minds,Route 66,Lost
Vancouver Titans,Sin Prisa Gaming,Oasis,Won
Vancouver Titans,Sin Prisa Gaming,Midtown,Lost
Vancouver Titans,Sin Prisa Gaming,New Queen Street,Lost
Vancouver Titans,Sin Prisa Gaming,Route 66,Won
Vancouver Titans,Sin Prisa Gaming,Busan,Lost
Vancouver Titans,Guangzhou Charge,Oasis,Lost
Vancouver Titans,Guangzhou Charge,Eichenwalde,Lost
Vancouver Titans,Guangzhou Charge,Colosseo,Lost
Vancouver Titans,Redbird Esports,Ilios,Won
Vancouver Titans,Redbird Esports,Midtown,Lost
Vancouver Titans,Redbird Esports,Colosseo,Lost
Vancouver Titans,Redbird Esports,Route 66,Lost
Vancouver Titans,PANTHERA,Busan,Won
Vancouver Titans,PANTHERA,Midtown,Lost
Vancouver Titans,PANTHERA,Esperanca,Lost
Vancouver Titans,PANTHERA,Route 66,Lost
Vancouver Titans,Team Peps,Antarctic Peninsula,Won
Vancouver Titans,Team Peps,Midtown,Won
Vancouver Titans,Team Peps,Colosseo,Lost
Vancouver Titans,Team Peps,Havana,Lost
Vancouver Titans,Team Peps,Ilios,Won
Vancouver Titans,Poker Face,Lijian Tower,Lost
Vancouver Titans,Poker Face,Kings Row,Lost
Vancouver Titans,Poker Face,New Queen Street,Won
Vancouver Titans,Poker Face,Watchpoint Gibraltar,Won
Vancouver Titans,Poker Face,Antarctic Peninsula,Lost
Vancouver Titans,New York Excelsior,Nepal,Lost
Vancouver Titans,New York Excelsior,Blizzard World,Lost
Vancouver Titans,New York Excelsior,Colosseo,Lost
Vancouver Titans,Toronto Defiant,Ilios,Lost
Vancouver Titans,Toronto Defiant,Eichenwalde,Lost
Vancouver Titans,Toronto Defiant,Colosseo,Lost
Vancouver Titans,Rhodes,Ilios,Won
Vancouver Titans,Rhodes,Hollywood,Won
Vancouver Titans,Rhodes,New Queen Street,Lost
Vancouver Titans,Rhodes,Havana,Won
Vancouver Titans,Dallas Fuel,Ilios,Won
Vancouver Titans,Dallas Fuel,Eichenwalde,Won
Vancouver Titans,Dallas Fuel,Colosseo,Won
Vancouver Titans,Seoul Infernal,Busan,Lost
Vancouver Titans,Seoul Infernal,Midtown,Lost
Vancouver Titans,Seoul Infernal,Colosseo,Lost
Team,Opponent,Map,Result
Vancouver Titans,Shanghai Dragons,Oasis,Won
Vancouver Titans,Shanghai Dragons,Paraiso,Won
Vancouver Titans,Shanghai Dragons,Colosseo,Won
Vancouver Titans,Hangzhou Spark,Lijian Tower,Won
Vancouver Titans,Hangzhou Spark,Hollywood,Won
Vancouver Titans,Hangzhou Spark,Colosseo,Lost
Vancouver Titans,Hangzhou Spark,Shambali Monastery,Lost
Vancouver Titans,Hangzhou Spark,Oasis,Won
Vancouver Titans,Dreamers,Busan,Won
Vancouver Titans,Dreamers,Paraiso,Won
Vancouver Titans,Dreamers,New Queen Street,Won
Vancouver Titans,Los Angeles Valiant,Oasis,Won
Vancouver Titans,Los Angeles Valiant,Midtown,Won
Vancouver Titans,Los Angeles Valiant,New Queen Street,Lost
Vancouver Titans,Los Angeles Valiant,Circuit Royale,Lost
Vancouver Titans,Los Angeles Valiant,Lijian Tower,Lost
Vancouver Titans,Saints,Busan,Lost
Vancouver Titans,Saints,Midtown,Won
Vancouver Titans,Saints,Esperanca,Lost
Vancouver Titans,Saints,JunkerTown,Won
Vancouver Titans,Saints,Oasis,Lost
Vancouver Titans,Seoul Dynasty,Oasis,Lost
Vancouver Titans,Seoul Dynasty,Paraiso,Won
Vancouver Titans,Seoul Dynasty,New Queen Street,Won
Vancouver Titans,Seoul Dynasty,Havana,Lost
Vancouver Titans,Seoul Dynasty,Antarctic Peninsula,Won
Vancouver Titans,Washington Justice,Busan,Lost
Vancouver Titans,Washington Justice,Kings Row,Won
Vancouver Titans,Washington Justice,New Queen Street,Won
Vancouver Titans,Washington Justice,Route 66,Lost
Vancouver Titans,Washington Justice,Ilios,Lost
Vancouver Titans,Trick Room,Ilios,Won
Vancouver Titans,Trick Room,Midtown,Lost
Vancouver Titans,Trick Room,Colosseo,Won
Vancouver Titans,Trick Room,Rialto,Won
Vancouver Titans,Atlanta Reign,Nepal,Lost
Vancouver Titans,Atlanta Reign,Eichenwalde,Won
Vancouver Titans,Atlanta Reign,Esperanca,Won
Vancouver Titans,Atlanta Reign,Havana,Lost
Vancouver Titans,Atlanta Reign,Antarctic Peninsula,Won
Vancouver Titans,Vegas Eternal,Ilios,Won
Vancouver Titans,Vegas Eternal,Paraiso,Lost
Vancouver Titans,Vegas Eternal,New Queen Street,Won
Vancouver Titans,Vegas Eternal,Shambali Monastery,Won
Vancouver Titans,Florida Mayhem,Busan,Won
Vancouver Titans,Florida Mayhem,Blizzard World,Won
Vancouver Titans,Florida Mayhem,Colosseo,Lost
Vancouver Titans,Florida Mayhem,Watchpoint Gibraltar,Lost
Vancouver Titans,Florida Mayhem,Antarctic Peninsula,Lost
Vancouver Titans,Timeless,Oasis,Won
Vancouver Titans,Timeless,Hollywood,Won
Vancouver Titans,Timeless,Colosseo,Won
Vancouver Titans,O2 Blast,Antarctic Peninsula,Won
Vancouver Titans,O2 Blast,Blizzard World,Lost
Vancouver Titans,O2 Blast,Colosseo,Won
Vancouver Titans,O2 Blast,JunkerTown,Won
Vancouver Titans,Los Angeles Gladiators,Antarctic Peninsula,Lost
Vancouver Titans,Los Angeles Gladiators,Kings Row,Won
Vancouver Titans,Los Angeles Gladiators,Colosseo,Lost
Vancouver Titans,Los Angeles Gladiators,Circuit Royale,Won
Vancouver Titans,Los Angeles Gladiators,Ilios,Lost
Vancouver Titans,Boston Uprising,Oasis,Won
Vancouver Titans,Boston Uprising,Blizzard World,Won
Vancouver Titans,Boston Uprising,New Queen Street,Lost
Vancouver Titans,Boston Uprising,JunkerTown,Lost
Vancouver Titans,Boston Uprising,Antarctic Peninsula,Lost
Vancouver Titans,WISP,Busan,Lost
Vancouver Titans,WISP,Hollywood,Lost
Vancouver Titans,WISP,New Queen Street,Lost
Vancouver Titans,Houston Outlaws,Ilios,Lost
Vancouver Titans,Houston Outlaws,Eichenwalde,Won
Vancouver Titans,Houston Outlaws,New Queen Street,Lost
Vancouver Titans,Houston Outlaws,Havana,Lost
Vancouver Titans,San Francisco Shock,Lijian Tower,Lost
Vancouver Titans,San Francisco Shock,Paraiso,Lost
Vancouver Titans,San Francisco Shock,Colosseo,Lost
Vancouver Titans,London Spitfire,Busan,Lost
Vancouver Titans,London Spitfire,Blizzard World,Won
Vancouver Titans,London Spitfire,New Queen Street,Won
Vancouver Titans,London Spitfire,Watchpoint Gibraltar,Won
Vancouver Titans,Twisted Minds,Ilios,Lost
Vancouver Titans,Twisted Minds,Kings Row,Won
Vancouver Titans,Twisted Minds,New Queen Street,Lost
Vancouver Titans,Twisted Minds,Dorado,Won
Vancouver Titans,Twisted Minds,Antarctic Peninsula,Won
Vancouver Titans,Sin Prisa Gaming,Oasis,Lost
Vancouver Titans,Sin Prisa Gaming,Paraiso,Won
Vancouver Titans,Sin Prisa Gaming,Esperanca,Lost
Vancouver Titans,Sin Prisa Gaming,JunkerTown,Lost
Vancouver Titans,Guangzhou Charge,Ilios,Won
Vancouver Titans,Guangzhou Charge,Hollywood,Won
Vancouver Titans,Guangzhou Charge,Colosseo,Won
Vancouver Titans,Redbird Esports,Ilios,Lost
Vancouver Titans,Redbird Esports,Midtown,Won
Vancouver Titans,Redbird Esports,Esperanca,Won
Vancouver Titans,Redbird Esports,Rialto,Won
Vancouver Titans,PANTHERA,Antarctic Peninsula,Lost
Vancouver Titans,PANTHERA,Numbani,Lost
Vancouver Titans,PANTHERA,Colosseo,Lost
Vancouver Titans,Team Peps,Antarctic Peninsula,Won
Vancouver Titans,Team Peps,Eichenwalde,Lost
Vancouver Titans,Team Peps,Colosseo,Won
Vancouver Titans,Team Peps,Circuit Royale,Won
Vancouver Titans,Poker Face,Ilios,Won
Vancouver Titans,Poker Face,Paraiso,Lost
Vancouver Titans,Poker Face,Esperanca,Lost
Vancouver Titans,Poker Face,Circuit Royale,Won
Vancouver Titans,Poker Face,Lijian Tower,Won
Vancouver Titans,New York Excelsior,Busan,Won
Vancouver Titans,New York Excelsior,Hollywood,Won
Vancouver Titans,New York Excelsior,Colosseo,Won
Vancouver Titans,Toronto Defiant,Ilios,Lost
Vancouver Titans,Toronto Defiant,Midtown,Lost
Vancouver Titans,Toronto Defiant,New Queen Street,Won
Vancouver Titans,Toronto Defiant,JunkerTown,Lost
Vancouver Titans,Rhodes,Antarctic Peninsula,Won
Vancouver Titans,Rhodes,Kings Row,Won
Vancouver Titans,Rhodes,Esperanca,Won
Vancouver Titans,Dallas Fuel,Ilios,Won
Vancouver Titans,Dallas Fuel,Blizzard World,Won
Vancouver Titans,Dallas Fuel,Esperanca,Lost
Vancouver Titans,Dallas Fuel,Route 66,Won
Vancouver Titans,Seoul Infernal,Nepal,Lost
Vancouver Titans,Seoul Infernal,Blizzard World,Lost
Vancouver Titans,Seoul Infernal,Colosseo,Won
Vancouver Titans,Seoul Infernal,Route 66,Won
Vancouver Titans,Seoul Infernal,Lijian Tower,Won
Team,Opponent,Map,Result
Vancouver Titans,Shanghai Dragons,Lijian Tower,Lost
Vancouver Titans,Shanghai Dragons,Hollywood,Won
Vancouver Titans,Shanghai Dragons,Esperanca,Lost
Vancouver Titans,Shanghai Dragons,Shambali Monastery,Won
Vancouver Titans,Shanghai Dragons,Oasis,Won
Vancouver Titans,Hangzhou Spark,Oasis,Won
Vancouver Titans,Hangzhou Spark,Blizzard World,Won
Vancouver Titans,Hangzhou Spark,New Queen Street,Won
Vancouver Titans,Dreamers,Oasis,Lost
Vancouver Titans,Dreamers,Eichenwalde,Won
Vancouver Titans,Dreamers,Colosseo,Won
Vancouver Titans,Dreamers,Havana,Won
Vancouver Titans,Los Angeles Valiant,Oasis,Won
Vancouver Titans,Los Angeles Valiant,Numbani,Won
Vancouver Titans,Los Angeles Valiant,Esperanca,Lost
Vancouver Titans,Los Angeles Valiant,JunkerTown,Lost
Vancouver Titans,Los Angeles Valiant,Lijian Tower,Lost
Vancouver Titans,Saints,Lijian Tower,Lost
Vancouver Titans,Saints,Eichenwalde,Won
Vancouver Titans,Saints,New Queen Street,Won
Vancouver Titans,Saints,Route 66,Lost
Vancouver Titans,Saints,Ilios,Won
Vancouver Titans,Seoul Dynasty,Nepal,Lost
Vancouver Titans,Seoul Dynasty,Paraiso,Won
Vancouver Titans,Seoul Dynasty,Esperanca,Lost
Vancouver Titans,Seoul Dynasty,JunkerTown,Lost
Vancouver Titans,Washington Justice,Busan,Lost
Vancouver Titans,Washington Justice,Kings Row,Lost
Vancouver Titans,Washington Justice,New Queen Street,Won
Vancouver Titans,Washington Justice,Dorado,Lost
Vancouver Titans,Trick Room,Nepal,Lost
Vancouver Titans,Trick Room,Paraiso,Won
Vancouver Titans,Trick Room,New Queen Street,Won
Vancouver Titans,Trick Room,Circuit Royale,Lost
Vancouver Titans,Trick Room,Lijian Tower,Lost
Vancouver Titans,Atlanta Reign,Nepal,Lost
Vancouver Titans,Atlanta Reign,Blizzard World,Won
Vancouver Titans,Atlanta Reign,Esperanca,Lost
Vancouver Titans,Atlanta Reign,Shambali Monastery,Lost
Vancouver Titans,Vegas Eternal,Lijian Tower,Won
Vancouver Titans,Vegas Eternal,Numbani,Won
Vancouver Titans,Vegas Eternal,Colosseo,Lost
Vancouver Titans,Vegas Eternal,Route 66,Won
Vancouver Titans,Florida Mayhem,Lijian Tower,Lost
Vancouver Titans,Florida Mayhem,Blizzard World,Won
Vancouver Titans,Florida Mayhem,Esperanca,Lost
Vancouver Titans,Florida Mayhem,Watchpoint Gibraltar,Lost
Vancouver Titans,Timeless,Ilios,Won
Vancouver Titans,Timeless,Blizzard World,Won
Vancouver Titans,Timeless,New Queen Street,Won
Vancouver Titans,O2 Blast,Busan,Won
Vancouver Titans,O2 Blast,Kings Row,Lost
Vancouver Titans,O2 Blast,New Queen Street,Won
Vancouver Titans,O2 Blast,Watchpoint Gibraltar,Lost
Vancouver Titans,O2 Blast,Oasis,Lost
Vancouver Titans,Los Angeles Gladiators,Lijian Tower,Lost
Vancouver Titans,Los Angeles Gladiators,Numbani,Won
Vancouver Titans,Los Angeles Gladiators,New Queen Street,Lost
Vancouver Titans,Los Angeles Gladiators,Rialto,Won
Vancouver Titans,Los Angeles Gladiators,Busan,Won
Vancouver Titans,Boston Uprising,Oasis,Lost
Vancouver Titans,Boston Uprising,Blizzard World,Won
Vancouver Titans,Boston Uprising,New Queen Street,Lost
Vancouver Titans,Boston Uprising,Havana,Won
Vancouver Titans,Boston Uprising,Antarctic Peninsula,Won
Vancouver Titans,WISP,Oasis,Won
Vancouver Titans,WISP,Numbani,Won
Vancouver Titans,WISP,New Queen Street,Lost
Vancouver Titans,WISP,Circuit Royale,Lost
Vancouver Titans,WISP,Lijian Tower,Won
Vancouver Titans,Houston Outlaws,Ilios,Lost
Vancouver Titans,Houston Outlaws,Eichenwalde,Won
Vancouver Titans,Houston Outlaws,New Queen Street,Won
Vancouver Titans,Houston Outlaws,Shambali Monastery,Lost
Vancouver Titans,Houston Outlaws,Oasis,Lost
Vancouver Titans,San Francisco Shock,Nepal,Lost
Vancouver Titans,San Francisco Shock,Numbani,Won
Vancouver Titans,San Francisco Shock,Esperanca,Lost
Vancouver Titans,San Francisco Shock,Rialto,Lost
Vancouver Titans,London Spitfire,Ilios,Won
Vancouver Titans,London Spitfire,Blizzard World,Won
Vancouver Titans,London Spitfire,Esperanca,Won
Vancouver Titans,Twisted Minds,Lijian Tower,Lost
Vancouver Titans,Twisted Minds,Midtown,Lost
Vancouver Titans,Twisted Minds,New Queen Street,Lost
Vancouver Titans,Sin Prisa Gaming,Nepal,Lost
Vancouver Titans,Sin Prisa Gaming,Kings Row,Won
Vancouver Titans,Sin Prisa Gaming,Colosseo,Lost
Vancouver Titans,Sin Prisa Gaming,Circuit Royale,Lost
Vancouver Titans,Guangzhou Charge,Lijian Tower,Lost
Vancouver Titans,Guangzhou Charge,Numbani,Won
Vancouver Titans,Guangzhou Charge,Colosseo,Lost
Vancouver Titans,Guangzhou Charge,Route 66,Lost
Vancouver Titans,Redbird Esports,Antarctic Peninsula,Lost
Vancouver Titans,Redbird Esports,Kings Row,Won
Vancouver Titans,Redbird Esports,Colosseo,Won
Vancouver Titans,Redbird Esports,JunkerTown,Won
Vancouver Titans,PANTHERA,Nepal,Won
Vancouver Titans,PANTHERA,Kings Row,Lost
Vancouver Titans,PANTHERA,New Queen Street,Lost
Vancouver Titans,PANTHERA,Shambali Monastery,Lost
Vancouver Titans,Team Peps,Oasis,Lost
Vancouver Titans,Team Peps,Midtown,Lost
Vancouver Titans,Team Peps,Colosseo,Lost
Vancouver Titans,Poker Face,Lijian Tower,Lost
Vancouver Titans,Poker Face,Eichenwalde,Won
Vancouver Titans,Poker Face,New Queen Street,Lost
Vancouver Titans,Poker Face,Shambali Monastery,Lost
Vancouver Titans,New York Excelsior,Busan,Won
Vancouver Titans,New York Excelsior,Kings Row,Lost
Vancouver Titans,New York Excelsior,Esperanca,Lost
Vancouver Titans,New York Excelsior,JunkerTown,Lost
Vancouver Titans,Toronto Defiant,Lijian Tower,Won
Vancouver Titans,Toronto Defiant,Eichenwalde,Lost
Vancouver Titans,Toronto Defiant,New Queen Street,Won
Vancouver Titans,Toronto Defiant,Rialto,Lost
Vancouver Titans,Toronto Defiant,Oasis,Won
Vancouver Titans,Rhodes,Lijian Tower,Won
Vancouver Titans,Rhodes,Midtown,Lost
Vancouver Titans,Rhodes,Esperanca,Lost
Vancouver Titans,Rhodes,Shambali Monastery,Won
Vancouver Titans,Rhodes,Oasis,Won
Vancouver Titans,Dallas Fuel,Lijian Tower,Lost
Vancouver Titans,Dallas Fuel,Eichenwalde,Lost
Vancouver Titans,Dallas Fuel,New Queen Street,Lost
Vancouver Titans,Seoul Infernal,Antarctic Peninsula,Won
Vancouver Titans,Seoul Infernal,Eichenwalde,Won
Vancouver Titans,Seoul Infernal,Colosseo,Lost
Vancouver Titans,Seoul Infernal,Shambali Monastery,Won
Team,Opponent,Map,Result
Vancouver Titans,Shanghai Dragons,Busan,Lost
Vancouver Titans,Shanghai Dragons,Hollywood,Won
Vancouver Titans,Shanghai Dragons,Esperanca,Lost
Vancouver Titans,Shanghai Dragons,Circuit Royale,Lost
Vancouver Titans,Hangzhou Spark,Ilios,Won
Vancouver Titans,Hangzhou Spark,Numbani,Won
Vancouver Titans,Hangzhou Spark,New Queen Street,Lost
Vancouver Titans,Hangzhou Spark,Rialto,Lost
Vancouver Titans,Hangzhou Spark,Antarctic Peninsula,Lost
Vancouver Titans,Dreamers,Ilios,Won
Vancouver Titans,Dreamers,Midtown,Lost
Vancouver Titans,Dreamers,New Queen Street,Lost
Vancouver Titans,Dreamers,Route 66,Won
Vancouver Titans,Dreamers,Busan,Won
Vancouver Titans,Los Angeles Valiant,Lijian Tower,Lost
Vancouver Titans,Los Angeles Valiant,Midtown,Won
Vancouver Titans,Los Angeles Valiant,Colosseo,Lost
Vancouver Titans,Los Angeles Valiant,JunkerTown,Won
Vancouver Titans,Los Angeles Valiant,Ilios,Won
Vancouver Titans,Saints,Antarctic Peninsula,Won
Vancouver Titans,Saints,Hollywood,Won
Vancouver Titans,Saints,Esperanca,Won
Vancouver Titans,Seoul Dynasty,Busan,Won
Vancouver Titans,Seoul Dynasty,Hollywood,Won
Vancouver Titans,Seoul Dynasty,Esperanca,Lost
Vancouver Titans,Seoul Dynasty,Havana,Lost
Vancouver Titans,Seoul Dynasty,Antarctic Peninsula,Won
Vancouver Titans,Washington Justice,Ilios,Won
Vancouver Titans,Washington Justice,Hollywood,Lost
Vancouver Titans,Washington Justice,Colosseo,Lost
Vancouver Titans,Washington Justice,Dorado,Lost
Vancouver Titans,Trick Room,Busan,Lost
Vancouver Titans,Trick Room,Numbani,Won
Vancouver Titans,Trick Room,Esperanca,Lost
Vancouver Titans,Trick Room,Havana,Lost
Vancouver Titans,Atlanta Reign,Lijian Tower,Won
Vancouver Titans,Atlanta Reign,Hollywood,Won
Vancouver Titans,Atlanta Reign,Esperanca,Lost
Vancouver Titans,Atlanta Reign,Route 66,Won
Vancouver Titans,Vegas Eternal,Antarctic Peninsula,Lost
Vancouver Titans,Vegas Eternal,Numbani,Won
Vancouver Titans,Vegas Eternal,New Queen Street,Won
Vancouver Titans,Vegas Eternal,JunkerTown,Lost
Vancouver Titans,Vegas Eternal,Oasis,Won
Vancouver Titans,Florida Mayhem,Antarctic Peninsula,Won
Vancouver Titans,Florida Mayhem,Blizzard World,Won
Vancouver Titans,Florida Mayhem,Colosseo,Lost
Vancouver Titans,Florida Mayhem,Havana,Won
Vancouver Titans,Timeless,Ilios,Won
Vancouver Titans,Timeless,Hollywood,Lost
Vancouver Titans,Timeless,Esperanca,Lost
Vancouver Titans,Timeless,Havana,Won
Vancouver Titans,Timeless,Lijian Tower,Lost
Vancouver Titans,O2 Blast,Ilios,Lost
Vancouver Titans,O2 Blast,Numbani,Won
Vancouver Titans,O2 Blast,Esperanca,Lost
Vancouver Titans,O2 Blast,Rialto,Won
Vancouver Titans,O2 Blast,Nepal,Lost
Vancouver Titans,Los Angeles Gladiators,Busan,Won
Vancouver Titans,Los Angeles Gladiators,Kings Row,Won
Vancouver Titans,Los Angeles Gladiators,Colosseo,Won
Vancouver Titans,Boston Uprising,Nepal,Won
Vancouver Titans,Boston Uprising,Eichenwalde,Won
Vancouver Titans,Boston Uprising,New Queen Street,Won
Vancouver Titans,WISP,Busan,Lost
Vancouver Titans,WISP,Blizzard World,Lost
Vancouver Titans,WISP,Colosseo,Won
Vancouver Titans,WISP,Shambali Monastery,Won
Vancouver Titans,WISP,Antarctic Peninsula,Lost
Vancouver Titans,Houston Outlaws,Ilios,Lost
Vancouver Titans,Houston Outlaws,Eichenwalde,Won
Vancouver Titans,Houston Outlaws,New Queen Street,Won
Vancouver Titans,Houston Outlaws,JunkerTown,Won
Vancouver Titans,San Francisco Shock,Antarctic Peninsula,Lost
Vancouver Titans,San Francisco Shock,Midtown,Won
Vancouver Titans,San Francisco Shock,Colosseo,Lost
Vancouver Titans,San Francisco Shock,Route 66,Won
Vancouver Titans,San Francisco Shock,Busan,Lost
Vancouver Titans,London Spitfire,Ilios,Won
Vancouver Titans,London Spitfire,Blizzard World,Won
Vancouver Titans,London Spitfire,Colosseo,Lost
Vancouver Titans,London Spitfire,Route 66,Lost
Vancouver Titans,London Spitfire,Antarctic Peninsula,Won
Vancouver Titans,Twisted Minds,Nepal,Won
Vancouver Titans,Twisted Minds,Midtown,Lost
Vancouver Titans,Twisted Minds,Esperanca,Won
Vancouver Titans,Twisted Minds,Dorado,Won
Vancouver Titans,Sin Prisa Gaming,Oasis,Lost
Vancouver Titans,Sin Prisa Gaming,Midtown,Lost
Vancouver Titans,Sin Prisa Gaming,Colosseo,Lost
Vancouver Titans,Guangzhou Charge,Ilios,Won
Vancouver Titans,Guangzhou Charge,Hollywood,Won
Vancouver Titans,Guangzhou Charge,Esperanca,Lost
Vancouver Titans,Guangzhou Charge,Havana,Lost
Vancouver Titans,Guangzhou Charge,Antarctic Peninsula,Won
Vancouver Titans,Redbird Esports,Ilios,Lost
Vancouver Titans,Redbird Esports,Paraiso,Won
Vancouver Titans,Redbird Esports,Colosseo,Lost
Vancouver Titans,Redbird Esports,Watchpoint Gibraltar,Lost
Vancouver Titans,PANTHERA,Nepal,Won
Vancouver Titans,PANTHERA,Blizzard World,Won
Vancouver Titans,PANTHERA,Colosseo,Lost
Vancouver Titans,PANTHERA,JunkerTown,Lost
Vancouver Titans,PANTHERA,Antarctic Peninsula,Lost
Vancouver Titans,Team Peps,Antarctic Peninsula,Won
Vancouver Titans,Team Peps,Hollywood,Lost
Vancouver Titans,Team Peps,Esperanca,Lost
Vancouver Titans,Team Peps,Rialto,Won
Vancouver Titans,Team Peps,Ilios,Won
Vancouver Titans,Poker Face,Ilios,Lost
Vancouver Titans,Poker Face,Eichenwalde,Won
Vancouver Titans,Poker Face,Esperanca,Lost
Vancouver Titans,Poker Face,JunkerTown,Won
Vancouver Titans,Poker Face,Lijian Tower,Lost
Vancouver Titans,New York Excelsior,Oasis,Won
Vancouver Titans,New York Excelsior,Kings Row,Won
Vancouver Titans,New York Excelsior,New Queen Street,Won
Vancouver Titans,Toronto Defiant,Lijian Tower,Won
Vancouver Titans,Toronto Defiant,Paraiso,Won
Vancouver Titans,Toronto Defiant,New Queen Street,Won
Vancouver Titans,Rhodes,Busan,Lost
Vancouver Titans,Rhodes,Numbani,Lost
Vancouver Titans,Rhodes,Colosseo,Lost
Vancouver Titans,Dallas Fuel,Ilios,Won
Vancouver Titans,Dallas Fuel,Blizzard World,Won
Vancouver Titans,Dallas Fuel,Colosseo,Won
Vancouver Titans,Seoul Infernal,Ilios,Lost
Vancouver Titans,Seoul Infernal,Eichenwalde,Lost
Vancouver Titans,Seoul Infernal,Colosseo,Won
Vancouver Titans,Seoul Infernal,Rialto,Lost
Team,Opponent,Map,Result
Vancouver Titans,Shanghai Dragons,Antarctic Peninsula,Lost
Vancouver Titans,Shanghai Dragons,Paraiso,Lost
Vancouver Titans,Shanghai Dragons,Colosseo,Lost
Vancouver Titans,Hangzhou Spark,Busan,Lost
Vancouver Titans,Hangzhou Spark,Paraiso,Won
Vancouver Titans,Hangzhou Spark,Esperanca,Won
Vancouver Titans,Hangzhou Spark,Havana,Lost
Vancouver Titans,Hangzhou Spark,Ilios,Lost
Vancouver Titans,Dreamers,Ilios,Lost
Vancouver Titans,Dreamers,Kings Row,Won
Vancouver Titans,Dreamers,Esperanca,Won
Vancouver Titans,Dreamers,Watchpoint Gibraltar,Won
Vancouver Titans,Los Angeles Valiant,Busan,Lost
Vancouver Titans,Los Angeles Valiant,Numbani,Lost
Vancouver Titans,Los Angeles Valiant,Colosseo,Won
Vancouver Titans,Los Angeles Valiant,Dorado,Lost
Vancouver Titans,Saints,Oasis,Won
Vancouver Titans,Saints,Hollywood,Won
Vancouver Titans,Saints,Colosseo,Won
Vancouver Titans,Seoul Dynasty,Nepal,Won
Vancouver Titans,Seoul Dynasty,Eichenwalde,Won
Vancouver Titans,Seoul Dynasty,New Queen Street,Won
Vancouver Titans,Washington Justice,Busan,Won
Vancouver Titans,Washington Justice,Eichenwalde,Won
Vancouver Titans,Washington Justice,New Queen Street,Won
Vancouver Titans,Trick Room,Busan,Lost
Vancouver Titans,Trick Room,Hollywood,Won
Vancouver Titans,Trick Room,Colosseo,Lost
Vancouver Titans,Trick Room,Dorado,Lost
Vancouver Titans,Atlanta Reign,Antarctic Peninsula,Won
Vancouver Titans,Atlanta Reign,Hollywood,Won
Vancouver Titans,Atlanta Reign,Esperanca,Lost
Vancouver Titans,Atlanta Reign,Circuit Royale,Lost
Vancouver Titans,Atlanta Reign,Nepal,Lost
Vancouver Titans,Vegas Eternal,Busan,Lost
Vancouver Titans,Vegas Eternal,Numbani,Won
Vancouver Titans,Vegas Eternal,Esperanca,Won
Vancouver Titans,Vegas Eternal,Shambali Monastery,Won
Vancouver Titans,Florida Mayhem,Busan,Won
Vancouver Titans,Florida Mayhem,Blizzard World,Won
Vancouver Titans,Florida Mayhem,Esperanca,Won
Vancouver Titans,Timeless,Busan,Lost
Vancouver Titans,Timeless,Blizzard World,Won
Vancouver Titans,Timeless,Esperanca,Won
Vancouver Titans,Timeless,Watchpoint Gibraltar,Lost
Vancouver Titans,Timeless,Antarctic Peninsula,Won
Vancouver Titans,O2 Blast,Busan,Won
Vancouver Titans,O2 Blast,Blizzard World,Won
Vancouver Titans,O2 Blast,New Queen Street,Won
Vancouver Titans,Los Angeles Gladiators,Ilios,Lost
Vancouver Titans,Los Angeles Gladiators,Hollywood,Won
Vancouver Titans,Los Angeles Gladiators,New Queen Street,Lost
Vancouver Titans,Los Angeles Gladiators,Circuit Royale,Won
Vancouver Titans,Los Angeles Gladiators,Busan,Won
Vancouver Titans,Boston Uprising,Oasis,Lost
Vancouver Titans,Boston Uprising,Blizzard World,Won
Vancouver Titans,Boston Uprising,Esperanca,Won
Vancouver Titans,Boston Uprising,Rialto,Won
Vancouver Titans,WISP,Nepal,Won
Vancouver Titans,WISP,Paraiso,Lost
Vancouver Titans,WISP,Esperanca,Lost
Vancouver Titans,WISP,Route 66,Lost
Vancouver Titans,Houston Outlaws,Nepal,Lost
Vancouver Titans,Houston Outlaws,Eichenwalde,Won
Vancouver Titans,Houston Outlaws,Esperanca,Lost
Vancouver Titans,Houston Outlaws,Route 66,Won
Vancouver Titans,Houston Outlaws,Ilios,Lost
Vancouver Titans,San Francisco Shock,Busan,Lost
Vancouver Titans,San Francisco Shock,Blizzard World,Won
Vancouver Titans,San Francisco Shock,Colosseo,Lost
Vancouver Titans,San Francisco Shock,JunkerTown,Lost
Vancouver Titans,London Spitfire,Ilios,Won
Vancouver Titans,London Spitfire,Blizzard World,Won
Vancouver Titans,London Spitfire,Colosseo,Won
Vancouver Titans,Twisted Minds,Lijian Tower,Won
Vancouver Titans,Twisted Minds,Blizzard World,Won
Vancouver Titans,Twisted Minds,Colosseo,Won
Vancouver Titans,Sin Prisa Gaming,Busan,Won
Vancouver Titans,Sin Prisa Gaming,Blizzard World,Lost
Vancouver Titans,Sin Prisa Gaming,Colosseo,Lost
Vancouver Titans,Sin Prisa Gaming,Shambali Monastery,Lost
Vancouver Titans,Guangzhou Charge,Busan,Won
Vancouver Titans,Guangzhou Charge,Numbani,Won
Vancouver Titans,Guangzhou Charge,Esperanca,Lost
Vancouver Titans,Guangzhou Charge,Shambali Monastery,Won
Vancouver Titans,Redbird Esports,Oasis,Won
Vancouver Titans,Redbird Esports,Hollywood,Lost
Vancouver Titans,Redbird Esports,Esperanca,Lost
Vancouver Titans,Redbird Esports,Havana,Lost
Vancouver Titans,PANTHERA,Oasis,Lost
Vancouver Titans,PANTHERA,Paraiso,Won
Vancouver Titans,PANTHERA,Colosseo,Won
Vancouver Titans,PANTHERA,Watchpoint Gibraltar,Won
Vancouver Titans,Team Peps,Busan,Lost
Vancouver Titans,Team Peps,Kings Row,Won
Vancouver Titans,Team Peps,New Queen Street,Won
Vancouver Titans,Team Peps,Havana,Lost
Vancouver Titans,Team Peps,Nepal,Won
Vancouver Titans,Poker Face,Nepal,Won
Vancouver Titans,Poker Face,Blizzard World,Lost
Vancouver Titans,Poker Face,New Queen Street,Lost
Vancouver Titans,Poker Face,Havana,Lost
Vancouver Titans,New York Excelsior,Oasis,Won
Vancouver Titans,New York Excelsior,Paraiso,Lost
Vancouver Titans,New York Excelsior,Esperanca,Lost
Vancouver Titans,New York Excelsior,Circuit Royale,Lost
Vancouver Titans,Toronto Defiant,Oasis,Won
Vancouver Titans,Toronto Defiant,Blizzard World,Lost
Vancouver Titans,Toronto Defiant,New Queen Street,Won
Vancouver Titans,Toronto Defiant,Dorado,Won
Vancouver Titans,Rhodes,Busan,Lost
Vancouver Titans,Rhodes,Blizzard World,Lost
Vancouver Titans,Rhodes,Esperanca,Won
Vancouver Titans,Rhodes,Rialto,Lost
Vancouver Titans,Dallas Fuel,Oasis,Won
Vancouver Titans,Dallas Fuel,Midtown,Lost
Vancouver Titans,Dallas Fuel,Esperanca,Won
Vancouver Titans,Dallas Fuel,Havana,Won
Vancouver Titans,Seoul Infernal,Busan,Lost
Vancouver Titans,Seoul Infernal,Blizzard World,Lost
Vancouver Titans,Seoul Infernal,New Queen Street,Lost
Team,Opponent,Map,Result
Vancouver Titans,Shanghai Dragons,Oasis,Won
Vancouver Titans,Shanghai Dragons,Kings Row,Won
Vancouver Titans,Shanghai Dragons,Esperanca,Lost
Vancouver Titans,Shanghai Dragons,Havana,Lost
Vancouver Titans,Shanghai Dragons,Lijian Tower,Won
Vancouver Titans,Hangzhou Spark,Oasis,Won
Vancouver Titans,Hangzhou Spark,Kings Row,Lost
Vancouver Titans,Hangzhou Spark,New Queen Street,Lost
Vancouver Titans,Hangzhou Spark,Rialto,Won
Vancouver Titans,Hangzhou Spark,Nepal,Lost
Vancouver Titans,Dreamers,Antarctic Peninsula,Won
Vancouver Titans,Dreamers,Kings Row,Won
Vancouver Titans,Dreamers,Esperanca,Won
Vancouver Titans,Los Angeles Valiant,Ilios,Lost
Vancouver Titans,Los Angeles Valiant,Blizzard World,Won
Vancouver Titans,Los Angeles Valiant,New Queen Street,Won
Vancouver Titans,Los Angeles Valiant,Shambali Monastery,Lost
Vancouver Titans,Los Angeles Valiant,Busan,Won
Vancouver Titans,Saints,Ilios,Lost
Vancouver Titans,Saints,Paraiso,Lost
Vancouver Titans,Saints,Colosseo,Won
Vancouver Titans,Saints,Havana,Won
Vancouver Titans,Saints,Antarctic Peninsula,Lost
Vancouver Titans,Seoul Dynasty,Oasis,Lost
Vancouver Titans,Seoul Dynasty,Kings Row,Won
Vancouver Titans,Seoul Dynasty,Colosseo,Won
Vancouver Titans,Seoul Dynasty,Rialto,Lost
Vancouver Titans,Seoul Dynasty,Busan,Won
Vancouver Titans,Washington Justice,Busan,Lost
Vancouver Titans,Washington Justice,Paraiso,Lost
Vancouver Titans,Washington Justice,Esperanca,Lost
Vancouver Titans,Trick Room,Ilios,Lost
Vancouver Titans,Trick Room,Blizzard World,Lost
Vancouver Titans,Trick Room,New Queen Street,Won
Vancouver Titans,Trick Room,Route 66,Won
Vancouver Titans,Trick Room,Oasis,Lost
Vancouver Titans,Atlanta Reign,Oasis,Lost
Vancouver Titans,Atlanta Reign,Paraiso,Lost
Vancouver Titans,Atlanta Reign,Colosseo,Lost
Vancouver Titans,Vegas Eternal,Oasis,Won
Vancouver Titans,Vegas Eternal,Midtown,Won
Vancouver Titans,Vegas Eternal,New Queen Street,Won
Vancouver Titans,Florida Mayhem,Lijian Tower,Won
Vancouver Titans,Florida Mayhem,Blizzard World,Won
Vancouver Titans,Florida Mayhem,Esperanca,Lost
Vancouver Titans,Florida Mayhem,Havana,Won
Vancouver Titans,Timeless,Oasis,Lost
Vancouver Titans,Timeless,Paraiso,Lost
Vancouver Titans,Timeless,Colosseo,Won
Vancouver Titans,Timeless,Havana,Won
Vancouver Titans,Timeless,Lijian Tower,Won
Vancouver Titans,O2 Blast,Busan,Won
Vancouver Titans,O2 Blast,Blizzard World,Won
Vancouver Titans,O2 Blast,Colosseo,Lost
Vancouver Titans,O2 Blast,JunkerTown,Won
Vancouver Titans,Los Angeles Gladiators,Lijian Tower,Won
Vancouver Titans,Los Angeles Gladiators,Numbani,Won
Vancouver Titans,Los Angeles Gladiators,Colosseo,Won
Vancouver Titans,Boston Uprising,Nepal,Won
Vancouver Titans,Boston Uprising,Kings Row,Lost
Vancouver Titans,Boston Uprising,Colosseo,Lost
Vancouver Titans,Boston Uprising,Dorado,Lost
Vancouver Titans,WISP,Antarctic Peninsula,Won
Vancouver Titans,WISP,Midtown,Won
Vancouver Titans,WISP,Colosseo,Lost
Vancouver Titans,WISP,Watchpoint Gibraltar,Lost
Vancouver Titans,WISP,Busan,Won
Vancouver Titans,Houston Outlaws,Ilios,Lost
Vancouver Titans,Houston Outlaws,Eichenwalde,Won
Vancouver Titans,Houston Outlaws,Colosseo,Won
Vancouver Titans,Houston Outlaws,JunkerTown,Lost
Vancouver Titans,Houston Outlaws,Oasis,Lost
Vancouver Titans,San Francisco Shock,Lijian Tower,Lost
Vancouver Titans,San Francisco Shock,Numbani,Won
Vancouver Titans,San Francisco Shock,New Queen Street,Won
Vancouver Titans,San Francisco Shock,Rialto,Lost
Vancouver Titans,San Francisco Shock,Antarctic Peninsula,Won
Vancouver Titans,London Spitfire,Lijian Tower,Won
Vancouver Titans,London Spitfire,Eichenwalde,Won
Vancouver Titans,London Spitfire,Colosseo,Won
Vancouver Titans,Twisted Minds,Ilios,Won
Vancouver Titans,Twisted Minds,Paraiso,Won
Vancouver Titans,Twisted Minds,New Queen Street,Won
Vancouver Titans,Sin Prisa Gaming,Lijian Tower,Lost
Vancouver Titans,Sin Prisa Gaming,Hollywood,Won
Vancouver Titans,Sin Prisa Gaming,Esperanca,Lost
Vancouver Titans,Sin Prisa Gaming,Dorado,Lost
Vancouver Titans,Guangzhou Charge,Nepal,Lost
Vancouver Titans,Guangzhou Charge,Hollywood,Won
Vancouver Titans,Guangzhou Charge,New Queen Street,Won
Vancouver Titans,Guangzhou Charge,Circuit Royale,Won
Vancouver Titans,Redbird Esports,Nepal,Won
Vancouver Titans,Redbird Esports,Kings Row,Won
Vancouver Titans,Redbird Esports,Esperanca,Lost
Vancouver Titans,Redbird Esports,JunkerTown,Won
Vancouver Titans,PANTHERA,Busan,Won
Vancouver Titans,PANTHERA,Numbani,Won
Vancouver Titans,PANTHERA,Esperanca,Lost
Vancouver Titans,PANTHERA,Rialto,Won
Vancouver Titans,Team Peps,Lijian Tower,Won
Vancouver Titans,Team Peps,Numbani,Lost
Vancouver Titans,Team Peps,New Queen Street,Lost
Vancouver Titans,Team Peps,Watchpoint Gibraltar,Won
Vancouver Titans,Team Peps,Antarctic Peninsula,Lost
Vancouver Titans,Poker Face,Lijian Tower,Won
Vancouver Titans,Poker Face,Paraiso,Lost
Vancouver Titans,Poker Face,Colosseo,Lost
Vancouver Titans,Poker Face,Havana,Lost
Vancouver Titans,New York Excelsior,Nepal,Lost
Vancouver Titans,New York Excelsior,Hollywood,Won
Vancouver Titans,New York Excelsior,New Queen Street,Won
Vancouver Titans,New York Excelsior,Shambali Monastery,Won
Vancouver Titans,Toronto Defiant,Lijian Tower,Lost
Vancouver Titans,Toronto Defiant,Eichenwalde,Lost
Vancouver Titans,Toronto Defiant,Esperanca,Lost
Vancouver Titans,Rhodes,Oasis,Won
Vancouver Titans,Rhodes,Midtown,Lost
Vancouver Titans,Rhodes,Colosseo,Lost
Vancouver Titans,Rhodes,Watchpoint Gibraltar,Won
Vancouver Titans,Rhodes,Ilios,Won
Vancouver Titans,Dallas Fuel,Antarctic Peninsula,Lost
Vancouver Titans,Dallas Fuel,Kings Row,Lost
Vancouver Titans,Dallas Fuel,New Queen Street,Lost
Vancouver Titans,Seoul Infernal,Lijian Tower,Lost
Vancouver Titans,Seoul Infernal,Hollywood,Lost
Vancouver Titans,Seoul Infernal,Colosseo,Won
Vancouver Titans,Seoul Infernal,Circuit Royale,Lost
Team,Opponent,Map,Result
Vancouver Titans,Shanghai Dragons,Oasis,Won
Vancouver Titans,Shanghai Dragons,Eichenwalde,Lost
Vancouver Titans,Shanghai Dragons,New Queen Street,Lost
Vancouver Titans,Shanghai Dragons,Circuit Royale,Lost
Vancouver Titans,Hangzhou Spark,Busan,Won
Vancouver Titans,Hangzhou Spark,Eichenwalde,Lost
Vancouver Titans,Hangzhou Spark,Colosseo,Lost
Vancouver Titans,Hangzhou Spark,Shambali Monastery,Won
Vancouver Titans,Hangzhou Spark,Nepal,Lost
Vancouver Titans,Dreamers,Busan,Lost
Vancouver Titans,Dreamers,Numbani,Won
Vancouver Titans,Dreamers,Colosseo,Won
Vancouver Titans,Dreamers,Shambali Monastery,Lost
Vancouver Titans,Dreamers,Antarctic Peninsula,Won
Vancouver Titans,Los Angeles Valiant,Nepal,Lost
Vancouver Titans,Los Angeles Valiant,Eichenwalde,Lost
Vancouver Titans,Los Angeles Valiant,Colosseo,Won
Vancouver Titans,Los Angeles Valiant,Shambali Monastery,Lost
Vancouver Titans,Saints,Ilios,Won
Vancouver Titans,Saints,Paraiso,Won
Vancouver Titans,Saints,Esperanca,Won
Vancouver Titans,Seoul Dynasty,Busan,Won
Vancouver Titans,Seoul Dynasty,Kings Row,Lost
Vancouver Titans,Seoul Dynasty,Esperanca,Lost
Vancouver Titans,Seoul Dynasty,Havana,Lost
Vancouver Titans,Washington Justice,Ilios,Lost
Vancouver Titans,Washington Justice,Numbani,Lost
Vancouver Titans,Washington Justice,New Queen Street,Won
Vancouver Titans,Washington Justice,Shambali Monastery,Won
Vancouver Titans,Washington Justice,Busan,Lost
Vancouver Titans,Trick Room,Ilios,Lost
Vancouver Titans,Trick Room,Blizzard World,Won
Vancouver Titans,Trick Room,Esperanca,Lost
Vancouver Titans,Trick Room,Dorado,Won
Vancouver Titans,Trick Room,Nepal,Lost
Vancouver Titans,Atlanta Reign,Lijian Tower,Lost
Vancouver Titans,Atlanta Reign,Hollywood,Won
Vancouver Titans,Atlanta Reign,New Queen Street,Won
Vancouver Titans,Atlanta Reign,Shambali Monastery,Lost
Vancouver Titans,Atlanta Reign,Antarctic Peninsula,Lost
Vancouver Titans,Vegas Eternal,Oasis,Won
Vancouver Titans,Vegas Eternal,Blizzard World,Won
Vancouver Titans,Vegas Eternal,Esperanca,Lost
Vancouver Titans,Vegas Eternal,Rialto,Won
Vancouver Titans,Florida Mayhem,Nepal,Won
Vancouver Titans,Florida Mayhem,Blizzard World,Won
Vancouver Titans,Florida Mayhem,Esperanca,Won
Vancouver Titans,Timeless,Ilios,Won
Vancouver Titans,Timeless,Blizzard World,Won
Vancouver Titans,Timeless,Esperanca,Lost
Vancouver Titans,Timeless,Dorado,Won
Vancouver Titans,O2 Blast,Oasis,Lost
Vancouver Titans,O2 Blast,Eichenwalde,Lost
Vancouver Titans,O2 Blast,Esperanca,Lost
Vancouver Titans,Los Angeles Gladiators,Busan,Won
Vancouver Titans,Los Angeles Gladiators,Numbani,Won
Vancouver Titans,Los Angeles Gladiators,New Queen Street,Lost
Vancouver Titans,Los Angeles Gladiators,Watchpoint Gibraltar,Won
Vancouver Titans,Boston Uprising,Oasis,Won
Vancouver Titans,Boston Uprising,Blizzard World,Won
Vancouver Titans,Boston Uprising,Colosseo,Lost
Vancouver Titans,Boston Uprising,Rialto,Won
Vancouver Titans,WISP,Busan,Won
Vancouver Titans,WISP,Kings Row,Won
Vancouver Titans,WISP,New Queen Street,Won
Vancouver Titans,Houston Outlaws,Nepal,Lost
Vancouver Titans,Houston Outlaws,Numbani,Lost
Vancouver Titans,Houston Outlaws,Colosseo,Lost
Vancouver Titans,San Francisco Shock,Ilios,Lost
Vancouver Titans,San Francisco Shock,Kings Row,Won
Vancouver Titans,San Francisco Shock,New Queen Street,Lost
Vancouver Titans,San Francisco Shock,Route 66,Won
Vancouver Titans,San Francisco Shock,Nepal,Lost
Vancouver Titans,London Spitfire,Busan,Lost
Vancouver Titans,London Spitfire,Blizzard World,Won
Vancouver Titans,London Spitfire,New Queen Street,Won
Vancouver Titans,London Spitfire,Havana,Lost
Vancouver Titans,London Spitfire,Antarctic Peninsula,Won
Vancouver Titans,Twisted Minds,Ilios,Lost
Vancouver Titans,Twisted Minds,Midtown,Lost
Vancouver Titans,Twisted Minds,Colosseo,Won
Vancouver Titans,Twisted Minds,JunkerTown,Won
Vancouver Titans,Twisted Minds,Oasis,Lost
Vancouver Titans,Sin Prisa Gaming,Ilios,Lost
Vancouver Titans,Sin Prisa Gaming,Blizzard World,Lost
Vancouver Titans,Sin Prisa Gaming,New Queen Street,Won
Vancouver Titans,Sin Prisa Gaming,Rialto,Won
Vancouver Titans,Sin Prisa Gaming,Busan,Won
Vancouver Titans,Guangzhou Charge,Oasis,Won
Vancouver Titans,Guangzhou Charge,Hollywood,Won
Vancouver Titans,Guangzhou Charge,Colosseo,Won
Vancouver Titans,Redbird Esports,Antarctic Peninsula,Won
Vancouver Titans,Redbird Esports,Hollywood,Lost
Vancouver Titans,Redbird Esports,New Queen Street,Lost
Vancouver Titans,Redbird Esports,Shambali Monastery,Lost
Vancouver Titans,PANTHERA,Lijian Tower,Lost
Vancouver Titans,PANTHERA,Midtown,Won
Vancouver Titans,PANTHERA,New Queen Street,Lost
Vancouver Titans,PANTHERA,Circuit Royale,Lost
Vancouver Titans,Team Peps,Oasis,Won
Vancouver Titans,Team Peps,Eichenwalde,Lost
Vancouver Titans,Team Peps,Esperanca,Won
Vancouver Titans,Team Peps,Rialto,Lost
Vancouver Titans,Team Peps,Lijian Tower,Won
Vancouver Titans,Poker Face,Nepal,Lost
Vancouver Titans,Poker Face,Paraiso,Won
Vancouver Titans,Poker Face,New Queen Street,Lost
Vancouver Titans,Poker Face,Dorado,Won
Vancouver Titans,Poker Face,Ilios,Won
Vancouver Titans,New York Excelsior,Busan,Won
Vancouver Titans,New York Excelsior,Kings Row,Won
Vancouver Titans,New York Excelsior,Colosseo,Won
Vancouver Titans,Toronto Defiant,Antarctic Peninsula,Lost
Vancouver Titans,Toronto Defiant,Kings Row,Lost
Vancouver Titans,Toronto Defiant,Colosseo,Lost
Vancouver Titans,Rhodes,Oasis,Won
Vancouver Titans,Rhodes,Eichenwalde,Won
Vancouver Titans,Rhodes,Esperanca,Lost
Vancouver Titans,Rhodes,Circuit Royale,Won
Vancouver Titans,Dallas Fuel,Busan,Lost
Vancouver Titans,Dallas Fuel,Hollywood,Lost
Vancouver Titans,Dallas Fuel,Colosseo,Won
Vancouver Titans,Dallas Fuel,Watchpoint Gibraltar,Won
Vancouver Titans,Dallas Fuel,Nepal,Won
Vancouver Titans,Seoul Infernal,Nepal,Won
Vancouver Titans,Seoul Infernal,Midtown,Lost
Vancouver Titans,Seoul Infernal,New Queen Street,Won
Vancouver Titans,Seoul Infernal,Shambali Monastery,Lost
Vancouver Titans,Seoul Infernal,Busan,Lost
Team,Opponent,Map,Result
Vancouver Titans,Shanghai Dragons,Oasis,Won
Vancouver Titans,Shanghai Dragons,Midtown,Won
Vancouver Titans,Shanghai Dragons,Esperanca,Lost
Vancouver Titans,Shanghai Dragons,Route 66,Lost
Vancouver Titans,Shanghai Dragons,Busan,Lost
Vancouver Titans,Hangzhou Spark,Ilios,Lost
Vancouver Titans,Hangzhou Spark,Eichenwalde,Won
Vancouver Titans,Hangzhou Spark,Esperanca,Won
Vancouver Titans,Hangzhou Spark,Shambali Monastery,Won
Vancouver Titans,Dreamers,Busan,Won
Vancouver Titans,Dreamers,Blizzard World,Lost
Vancouver Titans,Dreamers,Esperanca,Lost
Vancouver Titans,Dreamers,Circuit Royale,Won
Vancouver Titans,Dreamers,Antarctic Peninsula,Lost
Vancouver Titans,Los Angeles Valiant,Oasis,Won
Vancouver Titans,Los Angeles Valiant,Paraiso,Lost
Vancouver Titans,Los Angeles Valiant,Esperanca,Lost
Vancouver Titans,Los Angeles Valiant,Route 66,Won
Vancouver Titans,Los Angeles Valiant,Nepal,Lost
Vancouver Titans,Saints,Ilios,Won
Vancouver Titans,Saints,Midtown,Lost
Vancouver Titans,Saints,Esperanca,Lost
Vancouver Titans,Saints,Shambali Monastery,Lost
Vancouver Titans,Seoul Dynasty,Nepal,Lost
Vancouver Titans,Seoul Dynasty,Kings Row,Lost
Vancouver Titans,Seoul Dynasty,New Queen Street,Won
Vancouver Titans,Seoul Dynasty,Havana,Lost
Vancouver Titans,Washington Justice,Busan,Lost
Vancouver Titans,Washington Justice,Numbani,Lost
Vancouver Titans,Washington Justice,Colosseo,Lost
Vancouver Titans,Trick Room,Lijian Tower,Won
Vancouver Titans,Trick Room,Midtown,Won
Vancouver Titans,Trick Room,Esperanca,Won
Vancouver Titans,Atlanta Reign,Oasis,Lost
Vancouver Titans,Atlanta Reign,Kings Row,Lost
Vancouver Titans,Atlanta Reign,Esperanca,Won
Vancouver Titans,Atlanta Reign,Circuit Royale,Lost
Vancouver Titans,Vegas Eternal,Antarctic Peninsula,Lost
Vancouver Titans,Vegas Eternal,Blizzard World,Won
Vancouver Titans,Vegas Eternal,New Queen Street,Won
Vancouver Titans,Vegas Eternal,Route 66,Won
Vancouver Titans,Florida Mayhem,Busan,Won
Vancouver Titans,Florida Mayhem,Midtown,Won
Vancouver Titans,Florida Mayhem,Esperanca,Lost
Vancouver Titans,Florida Mayhem,Circuit Royale,Lost
Vancouver Titans,Florida Mayhem,Lijian Tower,Lost
Vancouver Titans,Timeless,Lijian Tower,Won
Vancouver Titans,Timeless,Numbani,Lost
Vancouver Titans,Timeless,Esperanca,Won
Vancouver Titans,Timeless,Watchpoint Gibraltar,Won
Vancouver Titans,O2 Blast,Antarctic Peninsula,Won
Vancouver Titans,O2 Blast,Blizzard World,Won
Vancouver Titans,O2 Blast,New Queen Street,Lost
Vancouver Titans,O2 Blast,Rialto,Won
Vancouver Titans,Los Angeles Gladiators,Antarctic Peninsula,Won
Vancouver Titans,Los Angeles Gladiators,Numbani,Won
Vancouver Titans,Los Angeles Gladiators,New Queen Street,Lost
Vancouver Titans,Los Angeles Gladiators,Rialto,Lost
Vancouver Titans,Los Angeles Gladiators,Busan,Won
Vancouver Titans,Boston Uprising,Ilios,Lost
Vancouver Titans,Boston Uprising,Blizzard World,Won
Vancouver Titans,Boston Uprising,New Queen Street,Lost
Vancouver Titans,Boston Uprising,Shambali Monastery,Won
Vancouver Titans,Boston Uprising,Busan,Lost
Vancouver Titans,WISP,Ilios,Won
Vancouver Titans,WISP,Hollywood,Lost
Vancouver Titans,WISP,Colosseo,Lost
Vancouver Titans,WISP,JunkerTown,Won
Vancouver Titans,WISP,Oasis,Won
Vancouver Titans,Houston Outlaws,Busan,Lost
Vancouver Titans,Houston Outlaws,Kings Row,Lost
Vancouver Titans,Houston Outlaws,New Queen Street,Won
Vancouver Titans,Houston Outlaws,Rialto,Lost
Vancouver Titans,San Francisco Shock,Ilios,Lost
Vancouver Titans,San Francisco Shock,Numbani,Won
Vancouver Titans,San Francisco Shock,New Queen Street,Lost
Vancouver Titans,San Francisco Shock,Circuit Royale,Won
Vancouver Titans,San Francisco Shock,Busan,Lost
Vancouver Titans,London Spitfire,Lijian Tower,Won
Vancouver Titans,London Spitfire,Blizzard World,Won
Vancouver Titans,London Spitfire,Esperanca,Won
Vancouver Titans,Twisted Minds,Ilios,Won
Vancouver Titans,Twisted Minds,Paraiso,Lost
Vancouver Titans,Twisted Minds,Esperanca,Lost
Vancouver Titans,Twisted Minds,JunkerTown,Won
Vancouver Titans,Twisted Minds,Oasis,Won
Vancouver Titans,Sin Prisa Gaming,Nepal,Lost
Vancouver Titans,Sin Prisa Gaming,Eichenwalde,Won
Vancouver Titans,Sin Prisa Gaming,Colosseo,Won
Vancouver Titans,Sin Prisa Gaming,Rialto,Lost
Vancouver Titans,Sin Prisa Gaming,Antarctic Peninsula,Lost
Vancouver Titans,Guangzhou Charge,Ilios,Won
Vancouver Titans,Guangzhou Charge,Blizzard World,Lost
Vancouver Titans,Guangzhou Charge,New Queen Street,Lost
Vancouver Titans,Guangzhou Charge,Rialto,Won
Vancouver Titans,Guangzhou Charge,Lijian Tower,Won
Vancouver Titans,Redbird Esports,Antarctic Peninsula,Won
Vancouver Titans,Redbird Esports,Paraiso,Won
Vancouver Titans,Redbird Esports,New Queen Street,Won
Vancouver Titans,PANTHERA,Ilios,Won
Vancouver Titans,PANTHERA,Eichenwalde,Won
Vancouver Titans,PANTHERA,New Queen Street,Won
Vancouver Titans,Team Peps,Busan,Won
Vancouver Titans,Team Peps,Hollywood,Won
Vancouver Titans,Team Peps,Esperanca,Won
Vancouver Titans,Poker Face,Nepal,Won
Vancouver Titans,Poker Face,Kings Row,Lost
Vancouver Titans,Poker Face,Esperanca,Won
Vancouver Titans,Poker Face,Circuit Royale,Lost
Vancouver Titans,Poker Face,Oasis,Won
Vancouver Titans,New York Excelsior,Busan,Won
Vancouver Titans,New York Excelsior,Hollywood,Won
Vancouver Titans,New York Excelsior,Colosseo,Won
Vancouver Titans,Toronto Defiant,Oasis,Won
Vancouver Titans,Toronto Defiant,Numbani,Won
Vancouver Titans,Toronto Defiant,Colosseo,Lost
Vancouver Titans,Toronto Defiant,Watchpoint Gibraltar,Won
Vancouver Titans,Rhodes,Antarctic Peninsula,Lost
Vancouver Titans,Rhodes,Eichenwalde,Lost
Vancouver Titans,Rhodes,Colosseo,Lost
Vancouver Titans,Dallas Fuel,Antarctic Peninsula,Won
Vancouver Titans,Dallas Fuel,Hollywood,Lost
Vancouver Titans,Dallas Fuel,Esperanca,Lost
Vancouver Titans,Dallas Fuel,Rialto,Lost
Vancouver Titans,Seoul Infernal,Nepal,Lost
Vancouver Titans,Seoul Infernal,Blizzard World,Lost
Vancouver Titans,Seoul Infernal,Esperanca,Lost
Team,Opponent,Map,Result
Vancouver Titans,Shanghai Dragons,Lijian Tower,Lost
Vancouver Titans,Shanghai Dragons,Eichenwalde,Won
Vancouver Titans,Shanghai Dragons,Esperanca,Lost
Vancouver Titans,Shanghai Dragons,Shambali Monastery,Won
Vancouver Titans,Shanghai Dragons,Busan,Lost
Vancouver Titans,Hangzhou Spark,Nepal,Lost
Vancouver Titans,Hangzhou Spark,Eichenwalde,Lost
Vancouver Titans,Hangzhou Spark,Esperanca,Lost
Vancouver Titans,Dreamers,Oasis,Won
Vancouver Titans,Dreamers,Kings Row,Won
Vancouver Titans,Dreamers,New Queen Street,Won
Vancouver Titans,Los Angeles Valiant,Oasis,Won
Vancouver Titans,Los Angeles Valiant,Midtown,Lost
Vancouver Titans,Los Angeles Valiant,Colosseo,Won
Vancouver Titans,Los Angeles Valiant,Route 66,Lost
Vancouver Titans,Los Angeles Valiant,Antarctic Peninsula,Won
Vancouver Titans,Saints,Oasis,Lost
Vancouver Titans,Saints,Kings Row,Lost
Vancouver Titans,Saints,New Queen Street,Won
Vancouver Titans,Saints,Dorado,Won
Vancouver Titans,Saints,Lijian Tower,Lost
Vancouver Titans,Seoul Dynasty,Busan,Won
Vancouver Titans,Seoul Dynasty,Kings Row,Won
Vancouver Titans,Seoul Dynasty,Colosseo,Won
Vancouver Titans,Washington Justice,Busan,Won
Vancouver Titans,Washington Justice,Kings Row,Lost
Vancouver Titans,Washington Justice,Colosseo,Lost
Vancouver Titans,Washington Justice,Route 66,Lost
Vancouver Titans,Trick Room,Antarctic Peninsula,Won
Vancouver Titans,Trick Room,Eichenwalde,Won
Vancouver Titans,Trick Room,New Queen Street,Won
Vancouver Titans,Atlanta Reign,Oasis,Lost
Vancouver Titans,Atlanta Reign,Hollywood,Won
Vancouver Titans,Atlanta Reign,Esperanca,Won
Vancouver Titans,Atlanta Reign,Shambali Monastery,Lost
Vancouver Titans,Atlanta Reign,Lijian Tower,Lost
Vancouver Titans,Vegas Eternal,Lijian Tower,Lost
Vancouver Titans,Vegas Eternal,Numbani,Won
Vancouver Titans,Vegas Eternal,Colosseo,Won
Vancouver Titans,Vegas Eternal,Rialto,Won
Vancouver Titans,Florida Mayhem,Lijian Tower,Won
Vancouver Titans,Florida Mayhem,Eichenwalde,Lost
Vancouver Titans,Florida Mayhem,New Queen Street,Won
Vancouver Titans,Florida Mayhem,Havana,Won
Vancouver Titans,Timeless,Busan,Won
Vancouver Titans,Timeless,Eichenwalde,Lost
Vancouver Titans,Timeless,Esperanca,Won
Vancouver Titans,Timeless,Route 66,Lost
Vancouver Titans,Timeless,Oasis,Lost
Vancouver Titans,O2 Blast,Busan,Lost
Vancouver Titans,O2 Blast,Blizzard World,Lost
Vancouver Titans,O2 Blast,New Queen Street,Won
Vancouver Titans,O2 Blast,Circuit Royale,Won
Vancouver Titans,O2 Blast,Oasis,Won
Vancouver Titans,Los Angeles Gladiators,Busan,Won
Vancouver Titans,Los Angeles Gladiators,Numbani,Won
Vancouver Titans,Los Angeles Gladiators,Esperanca,Won
Vancouver Titans,Boston Uprising,Nepal,Won
Vancouver Titans,Boston Uprising,Paraiso,Won
Vancouver Titans,Boston Uprising,New Queen Street,Won
Vancouver Titans,WISP,Ilios,Won
Vancouver Titans,WISP,Numbani,Lost
Vancouver Titans,WISP,Esperanca,Lost
Vancouver Titans,WISP,Dorado,Lost
Vancouver Titans,Houston Outlaws,Ilios,Lost
Vancouver Titans,Houston Outlaws,Numbani,Lost
Vancouver Titans,Houston Outlaws,Esperanca,Lost
Vancouver Titans,San Francisco Shock,Nepal,Lost
Vancouver Titans,San Francisco Shock,Midtown,Won
Vancouver Titans,San Francisco Shock,New Queen Street,Lost
Vancouver Titans,San Francisco Shock,Dorado,Won
Vancouver Titans,San Francisco Shock,Oasis,Lost
Vancouver Titans,London Spitfire,Ilios,Won
Vancouver Titans,London Spitfire,Blizzard World,Won
Vancouver Titans,London Spitfire,New Queen Street,Lost
Vancouver Titans,London Spitfire,Route 66,Lost
Vancouver Titans,London Spitfire,Antarctic Peninsula,Won
Vancouver Titans,Twisted Minds,Antarctic Peninsula,Won
Vancouver Titans,Twisted Minds,Midtown,Won
Vancouver Titans,Twisted Minds,Esperanca,Won
Vancouver Titans,Sin Prisa Gaming,Nepal,Won
Vancouver Titans,Sin Prisa Gaming,Eichenwalde,Lost
Vancouver Titans,Sin Prisa Gaming,New Queen Street,Lost
Vancouver Titans,Sin Prisa Gaming,Rialto,Lost
Vancouver Titans,Guangzhou Charge,Oasis,Lost
Vancouver Titans,Guangzhou Charge,Hollywood,Won
Vancouver Titans,Guangzhou Charge,Colosseo,Lost
Vancouver Titans,Guangzhou Charge,Watchpoint Gibraltar,Won
Vancouver Titans,Guangzhou Charge,Ilios,Won
Vancouver Titans,Redbird Esports,Antarctic Peninsula,Won
Vancouver Titans,Redbird Esports,Kings Row,Won
Vancouver Titans,Redbird Esports,New Queen Street,Lost
Vancouver Titans,Redbird Esports,Watchpoint Gibraltar,Lost
Vancouver Titans,Redbird Esports,Busan,Lost
Vancouver Titans,PANTHERA,Busan,Won
Vancouver Titans,PANTHERA,Midtown,Won
Vancouver Titans,PANTHERA,Esperanca,Lost
Vancouver Titans,PANTHERA,Havana,Won
Vancouver Titans,Team Peps,Nepal,Lost
Vancouver Titans,Team Peps,Kings Row,Won
Vancouver Titans,Team Peps,Colosseo,Lost
Vancouver Titans,Team Peps,Circuit Royale,Lost
Vancouver Titans,Poker Face,Antarctic Peninsula,Lost
Vancouver Titans,Poker Face,Blizzard World,Lost
Vancouver Titans,Poker Face,New Queen Street,Won
Vancouver Titans,Poker Face,Dorado,Won
Vancouver Titans,Poker Face,Oasis,Lost
Vancouver Titans,New York Excelsior,Oasis,Won
Vancouver Titans,New York Excelsior,Midtown,Lost
Vancouver Titans,New York Excelsior,New Queen Street,Won
Vancouver Titans,New York Excelsior,Rialto,Won
Vancouver Titans,Toronto Defiant,Nepal,Lost
Vancouver Titans,Toronto Defiant,Hollywood,Won
Vancouver Titans,Toronto Defiant,Esperanca,Lost
Vancouver Titans,Toronto Defiant,Havana,Lost
Vancouver Titans,Rhodes,Oasis,Won
Vancouver Titans,Rhodes,Blizzard World,Won
Vancouver Titans,Rhodes,Colosseo,Lost
Vancouver Titans,Rhodes,Dorado,Won
Vancouver Titans,Dallas Fuel,Oasis,Won
Vancouver Titans,Dallas Fuel,Paraiso,Won
Vancouver Titans,Dallas Fuel,Esperanca,Won
Vancouver Titans,Seoul Infernal,Antarctic Peninsula,Lost
Vancouver Titans,Seoul Infernal,Blizzard World,Lost
Vancouver Titans,Seoul Infernal,New Queen Street,Lost
Team,Opponent,Map,Result
Vancouver Titans,Shanghai Dragons,Nepal,Lost
Vancouver Titans,Shanghai Dragons,Numbani,Lost
Vancouver Titans,Shanghai Dragons,Esperanca,Won
Vancouver Titans,Shanghai Dragons,Route 66,Won
Vancouver Titans,Shanghai Dragons,Ilios,Lost
Vancouver Titans,Hangzhou Spark,Ilios,Won
Vancouver Titans,Hangzhou Spark,Hollywood,Won
Vancouver Titans,Hangzhou Spark,Esperanca,Lost
Vancouver Titans,Hangzhou Spark,Circuit Royale,Lost
Vancouver Titans,Hangzhou Spark,Antarctic Peninsula,Lost
Vancouver Titans,Dreamers,Lijian Tower,Lost
Vancouver Titans,Dreamers,Paraiso,Won
Vancouver Titans,Dreamers,Esperanca,Lost
Vancouver Titans,Dreamers,Shambali Monastery,Lost
Vancouver Titans,Los Angeles Valiant,Ilios,Lost
Vancouver Titans,Los Angeles Valiant,Midtown,Won
Vancouver Titans,Los Angeles Valiant,New Queen Street,Won
Vancouver Titans,Los Angeles Valiant,JunkerTown,Won
Vancouver Titans,Saints,Oasis,Lost
Vancouver Titans,Saints,Eichenwalde,Lost
Vancouver Titans,Saints,Colosseo,Won
Vancouver Titans,Saints,Havana,Won
Vancouver Titans,Saints,Busan,Won
Vancouver Titans,Seoul Dynasty,Antarctic Peninsula,Lost
Vancouver Titans,Seoul Dynasty,Eichenwalde,Won
Vancouver Titans,Seoul Dynasty,Esperanca,Won
Vancouver Titans,Seoul Dynasty,Dorado,Lost
Vancouver Titans,Seoul Dynasty,Busan,Won
Vancouver Titans,Washington Justice,Busan,Lost
Vancouver Titans,Washington Justice,Kings Row,Won
Vancouver Titans,Washington Justice,Colosseo,Lost
Vancouver Titans,Washington Justice,Route 66,Lost
Vancouver Titans,Trick Room,Lijian Tower,Won
Vancouver Titans,Trick Room,Eichenwalde,Won
Vancouver Titans,Trick Room,New Queen Street,Won
Vancouver Titans,Atlanta Reign,Lijian Tower,Won
Vancouver Titans,Atlanta Reign,Hollywood,Won
Vancouver Titans,Atlanta Reign,Colosseo,Lost
Vancouver Titans,Atlanta Reign,Route 66,Won
Vancouver Titans,Vegas Eternal,Oasis,Won
Vancouver Titans,Vegas Eternal,Numbani,Won
Vancouver Titans,Vegas Eternal,New Queen Street,Won
Vancouver Titans,Florida Mayhem,Busan,Won
Vancouver Titans,Florida Mayhem,Blizzard World,Won
Vancouver Titans,Florida Mayhem,New Queen Street,Won
Vancouver Titans,Timeless,Antarctic Peninsula,Lost
Vancouver Titans,Timeless,Hollywood,Lost
Vancouver Titans,Timeless,Colosseo,Won
Vancouver Titans,Timeless,Havana,Lost
Vancouver Titans,O2 Blast,Nepal,Lost
Vancouver Titans,O2 Blast,Hollywood,Won
Vancouver Titans,O2 Blast,Colosseo,Won
Vancouver Titans,O2 Blast,JunkerTown,Lost
Vancouver Titans,O2 Blast,Antarctic Peninsula,Won
Vancouver Titans,Los Angeles Gladiators,Busan,Won
Vancouver Titans,Los Angeles Gladiators,Hollywood,Won
Vancouver Titans,Los Angeles Gladiators,Esperanca,Won
Vancouver Titans,Boston Uprising,Nepal,Won
Vancouver Titans,Boston Uprising,Blizzard World,Won
Vancouver Titans,Boston Uprising,Colosseo,Lost
Vancouver Titans,Boston Uprising,Rialto,Won
Vancouver Titans,WISP,Busan,Lost
Vancouver Titans,WISP,Eichenwalde,Lost
Vancouver Titans,WISP,Esperanca,Lost
Vancouver Titans,Houston Outlaws,Ilios,Lost
Vancouver Titans,Houston Outlaws,Eichenwalde,Won
Vancouver Titans,Houston Outlaws,New Queen Street,Lost
Vancouver Titans,Houston Outlaws,Watchpoint Gibraltar,Lost
Vancouver Titans,San Francisco Shock,Ilios,Lost
Vancouver Titans,San Francisco Shock,Midtown,Won
Vancouver Titans,San Francisco Shock,Colosseo,Lost
Vancouver Titans,San Francisco Shock,Dorado,Won
Vancouver Titans,San Francisco Shock,Lijian Tower,Lost
Vancouver Titans,London Spitfire,Ilios,Won
Vancouver Titans,London Spitfire,Paraiso,Lost
Vancouver Titans,London Spitfire,New Queen Street,Won
Vancouver Titans,London Spitfire,Route 66,Lost
Vancouver Titans,London Spitfire,Lijian Tower,Won
Vancouver Titans,Twisted Minds,Oasis,Lost
Vancouver Titans,Twisted Minds,Kings Row,Won
Vancouver Titans,Twisted Minds,Colosseo,Won
Vancouver Titans,Twisted Minds,Circuit Royale,Won
Vancouver Titans,Sin Prisa Gaming,Busan,Won
Vancouver Titans,Sin Prisa Gaming,Numbani,Lost
Vancouver Titans,Sin Prisa Gaming,Esperanca,Won
Vancouver Titans,Sin Prisa Gaming,Circuit Royale,Won
Vancouver Titans,Guangzhou Charge,Oasis,Won
Vancouver Titans,Guangzhou Charge,Paraiso,Lost
Vancouver Titans,Guangzhou Charge,Colosseo,Won
Vancouver Titans,Guangzhou Charge,Circuit Royale,Lost
Vancouver Titans,Guangzhou Charge,Lijian Tower,Lost
Vancouver Titans,Redbird Esports,Ilios,Won
Vancouver Titans,Redbird Esports,Kings Row,Lost
Vancouver Titans,Redbird Esports,Esperanca,Won
Vancouver Titans,Redbird Esports,Havana,Lost
Vancouver Titans,Redbird Esports,Lijian Tower,Won
Vancouver Titans,PANTHERA,Oasis,Lost
Vancouver Titans,PANTHERA,Numbani,Lost
Vancouver Titans,PANTHERA,Esperanca,Won
Vancouver Titans,PANTHERA,Shambali Monastery,Lost
Vancouver Titans,Team Peps,Ilios,Won
Vancouver Titans,Team Peps,Paraiso,Won
Vancouver Titans,Team Peps,Colosseo,Won
Vancouver Titans,Poker Face,Ilios,Lost
Vancouver Titans,Poker Face,Eichenwalde,Lost
Vancouver Titans,Poker Face,Esperanca,Won
Vancouver Titans,Poker Face,Watchpoint Gibraltar,Lost
Vancouver Titans,New York Excelsior,Busan,Won
Vancouver Titans,New York Excelsior,Hollywood,Won
Vancouver Titans,New York Excelsior,Esperanca,Won
Vancouver Titans,Toronto Defiant,Oasis,Won
Vancouver Titans,Toronto Defiant,Hollywood,Won
Vancouver Titans,Toronto Defiant,Esperanca,Lost
Vancouver Titans,Toronto Defiant,Shambali Monastery,Lost
Vancouver Titans,Toronto Defiant,Antarctic Peninsula,Lost
Vancouver Titans,Rhodes,Oasis,Won
Vancouver Titans,Rhodes,Blizzard World,Lost
Vancouver Titans,Rhodes,New Queen Street,Won
Vancouver Titans,Rhodes,Route 66,Won
Vancouver Titans,Dallas Fuel,Ilios,Won
Vancouver Titans,Dallas Fuel,Hollywood,Lost
Vancouver Titans,Dallas Fuel,New Queen Street,Won
Vancouver Titans,Dallas Fuel,JunkerTown,Lost
Vancouver Titans,Dallas Fuel,Oasis,Won
Vancouver Titans,Seoul Infernal,Busan,Lost
Vancouver Titans,Seoul Infernal,Eichenwalde,Lost
Vancouver Titans,Seoul Infernal,New Queen Street,Won
Vancouver Titans,Seoul Infernal,Circuit Royale,Lost
